mass,energy,peak,ds
1.6000000000000001e+30,1e+43,0.11377680967785245,15.750000000000007
1.6000000000000001e+30,1.5e+43,0.12890184907649538,14.650000000000002
1.6000000000000001e+30,2.0000000000000003e+43,0.14042988015254826,13.950000000000003
1.6000000000000001e+30,2.5e+43,0.14982668724733214,13.45
1.6000000000000001e+30,3e+43,0.157795744619584,12.950000000000003
1.6000000000000001e+30,3.5e+43,0.1647404756407106,12.650000000000004
1.6000000000000001e+30,4e+43,0.170903080335659,12.450000000000005
1.6000000000000001e+30,4.5e+43,0.1764562652765784,12.150000000000002
1.6000000000000001e+30,5e+43,0.18151285918681465,12.050000000000004
1.6000000000000001e+30,5.500000000000001e+43,0.1861593356787877,11.850000000000001
1.6000000000000001e+30,6.000000000000001e+43,0.1904601481219582,11.650000000000004
1.6000000000000001e+30,6.500000000000002e+43,0.19446579144461731,11.550000000000002
1.6000000000000001e+30,7.000000000000002e+43,0.19821380909981348,11.450000000000001
1.6000000000000001e+30,7.500000000000003e+43,0.20174425160553183,11.250000000000002
1.6000000000000001e+30,8.000000000000003e+43,0.20507196027022712,11.250000000000002
1.6000000000000001e+30,8.500000000000004e+43,0.20823084124031632,11.150000000000002
1.6000000000000001e+30,9.000000000000004e+43,0.2112297848606033,10.950000000000001
1.6000000000000001e+30,9.500000000000004e+43,0.21408614395751507,10.850000000000003
1.62e+30,1e+43,0.1124521180246051,15.950000000000003
1.62e+30,1.5e+43,0.12745695425235049,14.750000000000007
1.62e+30,2.0000000000000003e+43,0.13889913313409064,14.05
1.62e+30,2.5e+43,0.14822984132752454,13.55
1.62e+30,3e+43,0.15614531786759067,13.150000000000002
1.62e+30,3.5e+43,0.16304427674850416,12.750000000000004
1.62e+30,4e+43,0.16916965974699597,12.550000000000002
1.62e+30,4.5e+43,0.1746872647842158,12.250000000000002
1.62e+30,5e+43,0.17971524816277473,12.150000000000004
1.62e+30,5.500000000000001e+43,0.18433426279736267,11.950000000000001
1.62e+30,6.000000000000001e+43,0.18861080265846072,11.750000000000002
1.62e+30,6.500000000000002e+43,0.19259504628841614,11.650000000000002
1.62e+30,7.000000000000002e+43,0.1963243485760354,11.55
1.62e+30,7.500000000000003e+43,0.19983361015435208,11.350000000000003
1.62e+30,8.000000000000003e+43,0.20314694934134253,11.250000000000004
1.62e+30,8.500000000000004e+43,0.20628795039511946,11.150000000000004
1.62e+30,9.000000000000004e+43,0.20927039750611315,11.05
1.62e+30,9.500000000000004e+43,0.21211193986749244,11.050000000000002
1.64e+30,1e+43,0.11115448385262315,16.050000000000004
1.64e+30,1.5e+43,0.12604071208244227,14.849999999999994
1.64e+30,2.0000000000000003e+43,0.13739801791679523,14.149999999999999
1.64e+30,2.5e+43,0.14666337019398978,13.650000000000002
1.64e+30,3e+43,0.1545262620349968,13.25
1.64e+30,3.5e+43,0.16137935778445914,12.850000000000001
1.64e+30,4e+43,0.16746790575903767,12.65
1.64e+30,4.5e+43,0.1729510718123791,12.450000000000001
1.64e+30,5e+43,0.1779496743386449,12.15
1.64e+30,5.500000000000001e+43,0.18254136529669496,11.950000000000003
1.64e+30,6.000000000000001e+43,0.18679374364488158,11.750000000000004
1.64e+30,6.500000000000002e+43,0.19075667093249762,11.650000000000004
1.64e+30,7.000000000000002e+43,0.19446731096339084,11.550000000000002
1.64e+30,7.500000000000003e+43,0.19795544131277334,11.350000000000001
1.64e+30,8.000000000000003e+43,0.20125441530947874,11.350000000000003
1.64e+30,8.500000000000004e+43,0.2043775584013355,11.150000000000002
1.64e+30,9.000000000000004e+43,0.20734387927357556,11.150000000000002
1.64e+30,9.500000000000004e+43,0.21017614194582834,11.050000000000002
1.66e+30,1e+43,0.10988310733175816,16.149999999999995
1.66e+30,1.5e+43,0.1246522859968244,14.95
1.66e+30,2.0000000000000003e+43,0.13592567907821929,14.150000000000002
1.66e+30,2.5e+43,0.14512639981526798,13.649999999999999
1.66e+30,3e+43,0.15293724822229568,13.349999999999998
1.66e+30,3.5e+43,0.1597457992471865,12.950000000000003
1.66e+30,4e+43,0.1657968763953728,12.650000000000002
1.66e+30,4.5e+43,0.171247439907799,12.450000000000003
1.66e+30,5e+43,0.17621522718721955,12.250000000000004
1.66e+30,5.500000000000001e+43,0.18077973172871883,12.050000000000002
1.66e+30,6.000000000000001e+43,0.18500805786520444,11.850000000000003
1.66e+30,6.500000000000002e+43,0.18894974981774118,11.750000000000002
1.66e+30,7.000000000000002e+43,0.19264177808370603,11.650000000000002
1.66e+30,7.500000000000003e+43,0.1961118724099856,11.55
1.66e+30,8.000000000000003e+43,0.19939344053428712,11.350000000000003
1.66e+30,8.500000000000004e+43,0.2024987504272883,11.250000000000002
1.66e+30,9.000000000000004e+43,0.2054546304064349,11.250000000000002
1.66e+30,9.500000000000004e+43,0.20827186643645854,11.150000000000002
1.68e+30,1e+43,0.10863721791096138,16.249999999999996
1.68e+30,1.5e+43,0.12329086995673964,15.05
1.68e+30,2.0000000000000003e+43,0.1344812922672697,14.25
1.68e+30,2.5e+43,0.14361808810864393,13.75
1.68e+30,3e+43,0.15137741985371075,13.350000000000001
1.68e+30,3.5e+43,0.15814269658919414,13.05
1.68e+30,4e+43,0.16415570091096035,12.750000000000002
1.68e+30,4.5e+43,0.16957389037189877,12.550000000000002
1.68e+30,5e+43,0.174511030233991,12.250000000000002
1.68e+30,5.500000000000001e+43,0.1790506931103848,12.150000000000004
1.68e+30,6.000000000000001e+43,0.1832562345488287,11.950000000000001
1.68e+30,6.500000000000002e+43,0.18717347363822825,11.850000000000003
1.68e+30,7.000000000000002e+43,0.1908468667925195,11.650000000000004
1.68e+30,7.500000000000003e+43,0.19430088315478738,11.550000000000002
1.68e+30,8.000000000000003e+43,0.19756314266914674,11.450000000000003
1.68e+30,8.500000000000004e+43,0.20065431295705244,11.350000000000003
1.68e+30,9.000000000000004e+43,0.20359602740895225,11.250000000000004
1.68e+30,9.500000000000004e+43,0.20639823397714413,11.150000000000004
1.7e+30,1e+43,0.10741607314368615,16.35
1.7e+30,1.5e+43,0.12195568722615323,15.150000000000002
1.7e+30,2.0000000000000003e+43,0.13306406295691428,14.350000000000005
1.7e+30,2.5e+43,0.14213762363684013,13.850000000000001
1.7e+30,3e+43,0.1498459517895188,13.45
1.7e+30,3.5e+43,0.15656833134177725,13.150000000000002
1.7e+30,4e+43,0.16254354077292163,12.850000000000001
1.7e+30,4.5e+43,0.16792957926275973,12.550000000000002
1.7e+30,5e+43,0.17283623959301928,12.350000000000001
1.7e+30,5.500000000000001e+43,0.17735251097766797,12.250000000000002
1.7e+30,6.000000000000001e+43,0.18153457069397824,12.050000000000004
1.7e+30,6.500000000000002e+43,0.1854311849552679,11.950000000000003
1.7e+30,7.000000000000002e+43,0.1890817274152364,11.750000000000002
1.7e+30,7.500000000000003e+43,0.19251967834824477,11.650000000000002
1.7e+30,8.000000000000003e+43,0.19576267306301162,11.450000000000001
1.7e+30,8.500000000000004e+43,0.1988417905469525,11.450000000000001
1.7e+30,9.000000000000004e+43,0.20176722257435714,11.250000000000002
1.7e+30,9.500000000000004e+43,0.2045543992297498,11.150000000000002
1.72e+30,1e+43,0.10621895755647068,16.450000000000003
1.72e+30,1.5e+43,0.12064598918920837,15.250000000000007
1.72e+30,2.0000000000000003e+43,0.1316737367733188,14.550000000000008
1.72e+30,2.5e+43,0.14068422435562844,13.950000000000003
1.72e+30,3e+43,0.14834204901797055,13.55
1.72e+30,3.5e+43,0.15502189980599757,13.150000000000002
1.72e+30,4e+43,0.16095958829454055,12.850000000000001
1.72e+30,4.5e+43,0.1663136938718223,12.650000000000002
1.72e+30,5e+43,0.17119305561903508,12.450000000000003
1.72e+30,5.500000000000001e+43,0.17568304502050727,12.250000000000004
1.72e+30,6.000000000000001e+43,0.17984171830330684,12.050000000000002
1.72e+30,6.500000000000002e+43,0.1837177704288611,11.950000000000001
1.72e+30,7.000000000000002e+43,0.18734766927385157,11.850000000000003
1.72e+30,7.500000000000003e+43,0.1907674388665472,11.650000000000004
1.72e+30,8.000000000000003e+43,0.19399540281125727,11.650000000000004
1.72e+30,8.500000000000004e+43,0.1970582361918055,11.450000000000003
1.72e+30,9.000000000000004e+43,0.19996740069975058,11.350000000000003
1.72e+30,9.500000000000004e+43,0.20274060734140245,11.350000000000001
1.74e+30,1e+43,0.10504518156025425,16.550000000000004
1.74e+30,1.5e+43,0.11936105421299487,15.349999999999994
1.74e+30,2.0000000000000003e+43,0.13030947176834176,14.649999999999995
1.74e+30,2.5e+43,0.13925713641134718,13.95
1.74e+30,3e+43,0.14686494540160328,13.55
1.74e+30,3.5e+43,0.1535026276389111,13.25
1.74e+30,4e+43,0.1594030653285615,12.95
1.74e+30,4.5e+43,0.1647254513850124,12.650000000000004
1.74e+30,5e+43,0.16957791982399634,12.550000000000002
1.74e+30,5.500000000000001e+43,0.1740415068948898,12.350000000000003
1.74e+30,6.000000000000001e+43,0.17817688822771485,12.15
1.74e+30,6.500000000000002e+43,0.18203243998353338,11.950000000000003
1.74e+30,7.000000000000002e+43,0.1856444284869544,11.850000000000001
1.74e+30,7.500000000000003e+43,0.18904337645604635,11.750000000000002
1.74e+30,8.000000000000003e+43,0.19225762761926246,11.650000000000002
1.74e+30,8.500000000000004e+43,0.1953028633781788,11.450000000000001
1.74e+30,9.000000000000004e+43,0.19819692001202674,11.450000000000001
1.74e+30,9.500000000000004e+43,0.20096054557599144,11.350000000000003
1.76e+30,1e+43,0.10389408040376344,16.649999999999995
1.76e+30,1.5e+43,0.11810018655481576,15.45
1.76e+30,2.0000000000000003e+43,0.12897018793178025,14.650000000000002
1.76e+30,2.5e+43,0.1378566924918336,14.150000000000002
1.76e+30,3e+43,0.1454139024763663,13.649999999999999
1.76e+30,3.5e+43,0.1520097686176935,13.350000000000001
1.76e+30,4e+43,0.15787352551286013,13.05
1.76e+30,4.5e+43,0.16316409760395406,12.750000000000004
1.76e+30,5e+43,0.16798982520761765,12.550000000000002
1.76e+30,5.500000000000001e+43,0.17242713736807613,12.350000000000001
1.76e+30,6.000000000000001e+43,0.17653932055929925,12.150000000000002
1.76e+30,6.500000000000002e+43,0.18037443297183986,12.050000000000002
1.76e+30,7.000000000000002e+43,0.18396853843635405,11.950000000000001
1.76e+30,7.500000000000003e+43,0.18734887360264785,11.850000000000003
1.76e+30,8.000000000000003e+43,0.19054724359109615,11.650000000000004
1.76e+30,8.500000000000004e+43,0.19357491527139276,11.550000000000004
1.76e+30,9.000000000000004e+43,0.19645901442998442,11.55
1.76e+30,9.500000000000004e+43,0.19920782183569613,11.350000000000003
1.78e+30,1e+43,0.10276501316813445,16.749999999999996
1.78e+30,1.5e+43,0.11686271531297673,15.55
1.78e+30,2.0000000000000003e+43,0.12765519349533275,14.750000000000007
1.78e+30,2.5e+43,0.13648150311400728,14.25
1.78e+30,3e+43,0.14398820830188994,13.75
1.78e+30,3.5e+43,0.1505426034577766,13.350000000000001
1.78e+30,4e+43,0.15637228554343363,13.150000000000002
1.78e+30,4.5e+43,0.16163048576047204,12.950000000000003
1.78e+30,5e+43,0.16642804077640547,12.650000000000002
1.78e+30,5.500000000000001e+43,0.1708392050524663,12.450000000000005
1.78e+30,6.000000000000001e+43,0.1749293093541013,12.350000000000001
1.78e+30,6.500000000000002e+43,0.1787430168741239,12.050000000000002
1.78e+30,7.000000000000002e+43,0.1823192662000651,11.950000000000003
1.78e+30,7.500000000000003e+43,0.1856841469426164,11.850000000000001
1.78e+30,8.000000000000003e+43,0.18886352001980572,11.750000000000002
1.78e+30,8.500000000000004e+43,0.1918786554846225,11.650000000000002
1.78e+30,9.000000000000004e+43,0.19474771920526074,11.550000000000002
1.78e+30,9.500000000000004e+43,0.1974817106379918,11.450000000000003
1.8e+30,1e+43,0.10165736180180442,16.85
1.8e+30,1.5e+43,0.1156479934199999,15.650000000000002
1.8e+30,2.0000000000000003e+43,0.12636382135685748,14.849999999999994
1.8e+30,2.5e+43,0.13513054253650433,14.25
1.8e+30,3e+43,0.14258791176205815,13.850000000000001
1.8e+30,3.5e+43,0.14910043868301134,13.450000000000003
1.8e+30,4e+43,0.1548962973341054,13.150000000000002
1.8e+30,4.5e+43,0.1601238124861438,12.950000000000003
1.8e+30,5e+43,0.1648918621323264,12.650000000000004
1.8e+30,5.500000000000001e+43,0.16928016028474535,12.550000000000002
1.8e+30,6.000000000000001e+43,0.17334830028672102,12.350000000000003
1.8e+30,6.500000000000002e+43,0.1771408799204568,12.250000000000002
1.8e+30,7.000000000000002e+43,0.18069590592755827,12.050000000000002
1.8e+30,7.500000000000003e+43,0.18404532379784747,11.950000000000001
1.8e+30,8.000000000000003e+43,0.18720621068045648,11.850000000000003
1.8e+30,8.500000000000004e+43,0.1902093021008057,11.750000000000002
1.8e+30,9.000000000000004e+43,0.19306233383132324,11.550000000000004
1.8e+30,9.500000000000004e+43,0.1957815137494436,11.450000000000001
1.82e+30,1e+43,0.10057053019460327,16.950000000000003
1.82e+30,1.5e+43,0.11445539667707068,15.649999999999999
1.82e+30,2.0000000000000003e+43,0.12509542806954543,14.95
1.82e+30,2.5e+43,0.13380315446951108,14.349999999999994
1.82e+30,3e+43,0.14121282302721275,13.95
1.82e+30,3.5e+43,0.14768474423021521,13.55
1.82e+30,4e+43,0.15344488536052486,13.25
1.82e+30,4.5e+43,0.15864190202593786,13.05
1.82e+30,5e+43,0.163381278174845,12.850000000000003
1.82e+30,5.500000000000001e+43,0.1677468374334474,12.65
1.82e+30,6.000000000000001e+43,0.17179238211029768,12.450000000000003
1.82e+30,6.500000000000002e+43,0.1755651080777499,12.250000000000004
1.82e+30,7.000000000000002e+43,0.17910054229253897,12.150000000000004
1.82e+30,7.500000000000003e+43,0.1824317245390052,11.950000000000003
1.82e+30,8.000000000000003e+43,0.18557940709539017,11.850000000000001
1.82e+30,8.500000000000004e+43,0.18856516331067819,11.750000000000002
1.82e+30,9.000000000000004e+43,0.1914021838690865,11.650000000000004
1.82e+30,9.500000000000004e+43,0.19411219578776157,11.550000000000002
1.84e+30,1e+43,0.099503943289903,17.050000000000004
1.84e+30,1.5e+43,0.11328432282846015,15.75
1.84e+30,2.0000000000000003e+43,0.12384939287408106,14.950000000000006
1.84e+30,2.5e+43,0.13249870584707962,14.45
1.84e+30,3e+43,0.139861097363832,14.05
1.84e+30,3.5e+43,0.14629295144715385,13.650000000000002
1.84e+30,4e+43,0.1520173982620702,13.350000000000001
1.84e+30,4.5e+43,0.15718410000843844,13.05
1.84e+30,5e+43,0.16189783993260548,12.850000000000001
1.84e+30,5.500000000000001e+43,0.16623786518138323,12.650000000000002
1.84e+30,6.000000000000001e+43,0.17026089752787774,12.450000000000005
1.84e+30,6.500000000000002e+43,0.17401381781371514,12.350000000000003
1.84e+30,7.000000000000002e+43,0.17753194698333755,12.15
1.84e+30,7.500000000000003e+43,0.1808426944279837,12.050000000000002
1.84e+30,8.000000000000003e+43,0.18397712850409642,11.950000000000001
1.84e+30,8.500000000000004e+43,0.18694558748711232,11.750000000000004
1.84e+30,9.000000000000004e+43,0.18977221965144778,11.750000000000002
1.84e+30,9.500000000000004e+43,0.1924684460223493,11.650000000000002
1.86e+30,1e+43,0.0984570462336287,17.149999999999995
1.86e+30,1.5e+43,0.11213419067462009,15.850000000000001
1.86e+30,2.0000000000000003e+43,0.12262511677225267,15.049999999999994
1.86e+30,2.5e+43,0.13121658586944185,14.450000000000006
1.86e+30,3e+43,0.1385321151527098,14.05
1.86e+30,3.5e+43,0.1449242111948293,13.75
1.86e+30,4e+43,0.15061320781994922,13.350000000000001
1.86e+30,4.5e+43,0.15574977541039473,13.150000000000002
1.86e+30,5e+43,0.16043799933834232,12.950000000000003
1.86e+30,5.500000000000001e+43,0.1647526099144315,12.650000000000004
1.86e+30,6.000000000000001e+43,0.16875321294648474,12.550000000000002
1.86e+30,6.500000000000002e+43,0.17248637579660278,12.350000000000001
1.86e+30,7.000000000000002e+43,0.1759872133107084,12.250000000000004
1.86e+30,7.500000000000003e+43,0.1792824016190597,12.150000000000004
1.86e+30,8.000000000000003e+43,0.18239874519769184,11.950000000000003
1.86e+30,8.500000000000004e+43,0.18535344351342684,11.950000000000003
1.86e+30,9.000000000000004e+43,0.18816690622790244,11.750000000000002
1.86e+30,9.500000000000004e+43,0.1908485343785157,11.650000000000004
1.88e+30,1e+43,0.09742930355890163,17.249999999999996
1.88e+30,1.5e+43,0.11100455411519207,16.050000000000004
1.88e+30,2.0000000000000003e+43,0.12142202164047074,15.149999999999999
1.88e+30,2.5e+43,0.12995620508743205,14.549999999999994
1.88e+30,3e+43,0.1372252785445153,14.149999999999999
1.88e+30,3.5e+43,0.14357792016984655,13.75
1.88e+30,4e+43,0.14923265948309197,13.55
1.88e+30,4.5e+43,0.15433871798090815,13.25
1.88e+30,5e+43,0.15900114549610347,12.95
1.88e+30,5.500000000000001e+43,0.16329046063800334,12.750000000000004
1.88e+30,6.000000000000001e+43,0.16727079777320758,12.65
1.88e+30,6.500000000000002e+43,0.1709829727731875,12.450000000000003
1.88e+30,7.000000000000002e+43,0.1744657314288486,12.250000000000002
1.88e+30,7.500000000000003e+43,0.17774594417621303,12.15
1.88e+30,8.000000000000003e+43,0.18084365032964675,12.050000000000002
1.88e+30,8.500000000000004e+43,0.18378714599182078,11.950000000000001
1.88e+30,9.000000000000004e+43,0.18658482353173844,11.850000000000001
1.88e+30,9.500000000000004e+43,0.1892518603956356,11.65
1.9e+30,1e+43,0.09642019840506502,17.35
1.9e+30,1.5e+43,0.10989554098643946,16.149999999999995
1.9e+30,2.0000000000000003e+43,0.1202400106826061,15.350000000000001
1.9e+30,2.5e+43,0.12871749541576064,14.749999999999996
1.9e+30,3e+43,0.13594001055744034,14.150000000000002
1.9e+30,3.5e+43,0.14225349620240746,13.850000000000001
1.9e+30,4e+43,0.1478761395868849,13.55
1.9e+30,4.5e+43,0.1529528087872046,13.349999999999998
1.9e+30,5e+43,0.15758668914093796,13.05
1.9e+30,5.500000000000001e+43,0.16185461100693513,12.850000000000001
1.9e+30,6.000000000000001e+43,0.16581323057483066,12.650000000000002
1.9e+30,6.500000000000002e+43,0.16950612822076008,12.550000000000002
1.9e+30,7.000000000000002e+43,0.17296807156136132,12.450000000000001
1.9e+30,7.500000000000003e+43,0.17623213043013133,12.250000000000004
1.9e+30,8.000000000000003e+43,0.17931643963655253,12.150000000000004
1.9e+30,8.500000000000004e+43,0.18224347469078436,11.950000000000003
1.9e+30,9.000000000000004e+43,0.18502539077457913,11.850000000000003
1.9e+30,9.500000000000004e+43,0.187683960882786,11.850000000000003
1.92e+30,1e+43,0.09542923176983775,17.450000000000003
1.92e+30,1.5e+43,0.1088058569090873,16.249999999999996
1.92e+30,2.0000000000000003e+43,0.11907895664540545,15.349999999999994
1.92e+30,2.5e+43,0.12750064405277747,14.750000000000007
1.92e+30,3e+43,0.1346761051961455,14.350000000000001
1.92e+30,3.5e+43,0.14095087659511693,13.95
1.92e+30,4e+43,0.1465411268548847,13.650000000000002
1.92e+30,4.5e+43,0.15158856967358098,13.350000000000001
1.92e+30,5e+43,0.15619534548334046,13.150000000000002
1.92e+30,5.500000000000001e+43,0.1604408787473865,12.950000000000003
1.92e+30,6.000000000000001e+43,0.16437762052197813,12.750000000000002
1.92e+30,6.500000000000002e+43,0.16805127939567058,12.550000000000002
1.92e+30,7.000000000000002e+43,0.17149641618274578,12.450000000000003
1.92e+30,7.500000000000003e+43,0.17474039470483213,12.250000000000002
1.92e+30,8.000000000000003e+43,0.17781184629580912,12.15
1.92e+30,8.500000000000004e+43,0.18072186779414548,12.050000000000002
1.92e+30,9.000000000000004e+43,0.1834941602596863,11.950000000000001
1.92e+30,9.500000000000004e+43,0.1861386698968082,11.850000000000001
1.94e+30,1e+43,0.09445592179334357,17.550000000000004
1.94e+30,1.5e+43,0.10773499431632243,16.250000000000007
1.94e+30,2.0000000000000003e+43,0.11793746764660122,15.45
1.94e+30,2.5e+43,0.12630387521573436,14.849999999999994
1.94e+30,3e+43,0.13343449056303316,14.450000000000003
1.94e+30,3.5e+43,0.13967107439480642,14.05
1.94e+30,4e+43,0.14522707473358412,13.649999999999999
1.94e+30,4.5e+43,0.1502454522154085,13.45
1.94e+30,5e+43,0.15482766020086342,13.25
1.94e+30,5.500000000000001e+43,0.1590484795029461,12.95
1.94e+30,6.000000000000001e+43,0.162963418491306,12.750000000000004
1.94e+30,6.500000000000002e+43,0.16661787801167202,12.650000000000002
1.94e+30,7.000000000000002e+43,0.17004621247140833,12.450000000000005
1.94e+30,7.500000000000003e+43,0.1732746290141469,12.350000000000003
1.94e+30,8.000000000000003e+43,0.1763287326953519,12.250000000000004
1.94e+30,8.500000000000004e+43,0.1792259502946461,12.150000000000004
1.94e+30,9.000000000000004e+43,0.1819846665207451,12.050000000000004
1.94e+30,9.500000000000004e+43,0.18461479796019514,11.850000000000003
1.96e+30,1e+43,0.09349980307277582,17.650000000000002
1.96e+30,1.5e+43,0.10668246299227878,16.349999999999994
1.96e+30,2.0000000000000003e+43,0.11681503879227434,15.55
1.96e+30,2.5e+43,0.1251266744921555,14.95
1.96e+30,3e+43,0.13221280962208826,14.45
1.96e+30,3.5e+43,0.13841148028893685,14.05
1.96e+30,4e+43,0.14393345555911302,13.75
1.96e+30,4.5e+43,0.14892292700499551,13.450000000000003
1.96e+30,5e+43,0.1534806649338259,13.25
1.96e+30,5.500000000000001e+43,0.157676882891794,13.05
1.96e+30,6.000000000000001e+43,0.1615710926236267,12.950000000000003
1.96e+30,6.500000000000002e+43,0.16520565410949783,12.750000000000004
1.96e+30,7.000000000000002e+43,0.16861693274613354,12.550000000000002
1.96e+30,7.500000000000003e+43,0.17183078157843593,12.450000000000003
1.96e+30,8.000000000000003e+43,0.1748669264139861,12.350000000000001
1.96e+30,8.500000000000004e+43,0.17775288025611807,12.15
1.96e+30,9.000000000000004e+43,0.18049606530083864,12.050000000000002
1.96e+30,9.500000000000004e+43,0.18311355669708226,12.050000000000002
1.98e+30,1e+43,0.0925605355142214,17.849999999999998
1.98e+30,1.5e+43,0.10564778937459025,16.449999999999996
1.98e+30,2.0000000000000003e+43,0.11571118236184254,15.549999999999994
1.98e+30,2.5e+43,0.12396854500112779,14.950000000000006
1.98e+30,3e+43,0.13101055905957218,14.55
1.98e+30,3.5e+43,0.13717158689448417,14.149999999999999
1.98e+30,4e+43,0.142661111462908,13.850000000000001
1.98e+30,4.5e+43,0.14762207076301737,13.55
1.98e+30,5e+43,0.1521538475611946,13.25
1.98e+30,5.500000000000001e+43,0.15632811023549995,13.150000000000002
1.98e+30,6.000000000000001e+43,0.16020254173228776,12.950000000000003
1.98e+30,6.500000000000002e+43,0.16381834549673938,12.750000000000002
1.98e+30,7.000000000000002e+43,0.16720952117037366,12.65
1.98e+30,7.500000000000003e+43,0.1704073212139441,12.450000000000005
1.98e+30,8.000000000000003e+43,0.17343098453046737,12.350000000000003
1.98e+30,8.500000000000004e+43,0.1763001756257786,12.250000000000004
1.98e+30,9.000000000000004e+43,0.17902983124641536,12.150000000000004
1.98e+30,9.500000000000004e+43,0.1816376865897338,12.050000000000004
2e+30,1e+43,0.09163809061921901,17.95
2e+30,1.5e+43,0.1046305158875133,16.55
2e+30,2.0000000000000003e+43,0.11462542711548926,15.649999999999999
2e+30,2.5e+43,0.12282900668128496,15.049999999999994
2e+30,3e+43,0.12982725266028144,14.549999999999994
2e+30,3.5e+43,0.13595090411047042,14.150000000000002
2e+30,4e+43,0.14140982168132943,13.95
2e+30,4.5e+43,0.14634255181652694,13.650000000000002
2e+30,5e+43,0.15084687143802672,13.450000000000003
2e+30,5.500000000000001e+43,0.15500063352374138,13.150000000000002
2e+30,6.000000000000001e+43,0.1588537778987656,12.95
2e+30,6.500000000000002e+43,0.16245085583480878,12.850000000000001
2e+30,7.000000000000002e+43,0.16582566136589422,12.650000000000002
2e+30,7.500000000000003e+43,0.16900404858560492,12.550000000000002
2e+30,8.000000000000003e+43,0.1720148792863552,12.350000000000001
2e+30,8.500000000000004e+43,0.17486771144175128,12.350000000000001
2e+30,9.000000000000004e+43,0.17758789670565675,12.15
2e+30,9.500000000000004e+43,0.18018158546438182,12.050000000000002
2.02e+30,1e+43,0.0907315410622939,17.950000000000003
2.02e+30,1.5e+43,0.10363020030429455,16.549999999999994
2.02e+30,2.0000000000000003e+43,0.11355744990783248,15.850000000000001
2.02e+30,2.5e+43,0.1217087317427618,15.150000000000002
2.02e+30,3e+43,0.1286625119041881,14.749999999999996
2.02e+30,3.5e+43,0.13474988962411916,14.350000000000001
2.02e+30,4e+43,0.14017743959277407,13.950000000000003
2.02e+30,4.5e+43,0.14508208547464949,13.649999999999999
2.02e+30,5e+43,0.1495626809340761,13.45
2.02e+30,5.500000000000001e+43,0.15369239842359123,13.25
2.02e+30,6.000000000000001e+43,0.15752432439891179,13.05
2.02e+30,6.500000000000002e+43,0.16110270962671525,12.850000000000001
2.02e+30,7.000000000000002e+43,0.16446114326958877,12.750000000000002
2.02e+30,7.500000000000003e+43,0.1676253442464063,12.65
2.02e+30,8.000000000000003e+43,0.1706181407311643,12.450000000000005
2.02e+30,8.500000000000004e+43,0.1734603733166967,12.350000000000003
2.02e+30,9.000000000000004e+43,0.176165259168407,12.250000000000004
2.02e+30,9.500000000000004e+43,0.17874479081319844,12.050000000000002
2.04e+30,1e+43,0.08984047942084529,18.049999999999997
2.04e+30,1.5e+43,0.10264725354084248,16.749999999999996
2.04e+30,2.0000000000000003e+43,0.11250803448069929,15.849999999999994
2.04e+30,2.5e+43,0.12060686526938565,15.250000000000007
2.04e+30,3e+43,0.12751797635058948,14.750000000000007
2.04e+30,3.5e+43,0.13356886175923086,14.349999999999994
2.04e+30,4e+43,0.13896350506944588,14.05
2.04e+30,4.5e+43,0.14384021052526166,13.75
2.04e+30,5e+43,0.1482971641124598,13.55
2.04e+30,5.500000000000001e+43,0.15240294373700092,13.25
2.04e+30,6.000000000000001e+43,0.15621519107464119,13.150000000000002
2.04e+30,6.500000000000002e+43,0.15977469877689615,12.950000000000003
2.04e+30,7.000000000000002e+43,0.16311550943171124,12.750000000000004
2.04e+30,7.500000000000003e+43,0.16626548971712912,12.650000000000002
2.04e+30,8.000000000000003e+43,0.1692430845121178,12.550000000000002
2.04e+30,8.500000000000004e+43,0.17207185736911754,12.350000000000001
2.04e+30,9.000000000000004e+43,0.1747614701370137,12.250000000000002
2.04e+30,9.500000000000004e+43,0.17733236433701016,12.250000000000002
2.06e+30,1e+43,0.08896451184290641,18.15
2.06e+30,1.5e+43,0.10168066994239876,16.85
2.06e+30,2.0000000000000003e+43,0.11147538543142196,15.949999999999996
2.06e+30,2.5e+43,0.11952222144618797,15.349999999999994
2.06e+30,3e+43,0.1263909890934897,14.849999999999994
2.06e+30,3.5e+43,0.1324056285514764,14.45
2.06e+30,4e+43,0.13776791574388747,14.150000000000002
2.06e+30,4.5e+43,0.14261746534672753,13.850000000000001
2.06e+30,5e+43,0.14704987510389503,13.55
2.06e+30,5.500000000000001e+43,0.1511345772543436,13.450000000000003
2.06e+30,6.000000000000001e+43,0.15492740157309154,13.150000000000002
2.06e+30,6.500000000000002e+43,0.15846862512178922,13.05
2.06e+30,7.000000000000002e+43,0.1617914793389626,12.850000000000001
2.06e+30,7.500000000000003e+43,0.164924045529785,12.650000000000004
2.06e+30,8.000000000000003e+43,0.16788941995580986,12.550000000000002
2.06e+30,8.500000000000004e+43,0.17070172876544432,12.450000000000005
2.06e+30,9.000000000000004e+43,0.17338168435959433,12.350000000000003
2.06e+30,9.500000000000004e+43,0.17593941575767366,12.250000000000004
2.08e+30,1e+43,0.08810325751207408,18.250000000000004
2.08e+30,1.5e+43,0.10072979805967583,16.950000000000003
2.08e+30,2.0000000000000003e+43,0.11045909004296775,16.05
2.08e+30,2.5e+43,0.11845438009596704,15.350000000000005
2.08e+30,3e+43,0.12528112499577826,14.850000000000005
2.08e+30,3.5e+43,0.13125976181809698,14.450000000000006
2.08e+30,4e+43,0.13659259622622152,14.25
2.08e+30,4.5e+43,0.1414148353699375,13.95
2.08e+30,5e+43,0.14582077544973818,13.75
2.08e+30,5.500000000000001e+43,0.1498854046273372,13.45
2.08e+30,6.000000000000001e+43,0.1536574946395477,13.25
2.08e+30,6.500000000000002e+43,0.1571804612691076,13.05
2.08e+30,7.000000000000002e+43,0.16048733297098644,12.950000000000003
2.08e+30,7.500000000000003e+43,0.16360346513183316,12.850000000000003
2.08e+30,8.000000000000003e+43,0.16655367754350278,12.650000000000002
2.08e+30,8.500000000000004e+43,0.16935348619972468,12.550000000000002
2.08e+30,9.000000000000004e+43,0.172020540955219,12.350000000000001
2.08e+30,9.500000000000004e+43,0.17456432480542824,12.250000000000002
2.1e+30,1e+43,0.08725634813580138,18.350000000000005
2.1e+30,1.5e+43,0.09979425011811663,16.949999999999996
2.1e+30,2.0000000000000003e+43,0.10945874916069402,16.049999999999994
2.1e+30,2.5e+43,0.11740293486079842,15.450000000000006
2.1e+30,3e+43,0.12418797293832046,14.950000000000006
2.1e+30,3.5e+43,0.13013092879287805,14.649999999999995
2.1e+30,4e+43,0.13543437791854365,14.25
2.1e+30,4.5e+43,0.14022943824108888,13.950000000000003
2.1e+30,5e+43,0.14461241204447658,13.75
2.1e+30,5.500000000000001e+43,0.1486536360774418,13.450000000000003
2.1e+30,6.000000000000001e+43,0.15240505556452633,13.25
2.1e+30,6.500000000000002e+43,0.1559097939923165,13.05
2.1e+30,7.000000000000002e+43,0.15920067780442237,12.95
2.1e+30,7.500000000000003e+43,0.16230292632190654,12.850000000000001
2.1e+30,8.000000000000003e+43,0.165236014493327,12.750000000000004
2.1e+30,8.500000000000004e+43,0.16802483033290253,12.550000000000002
2.1e+30,9.000000000000004e+43,0.17067684382576517,12.450000000000005
2.1e+30,9.500000000000004e+43,0.17321044099452154,12.350000000000003
2.12e+30,1e+43,0.08642342745600397,6.150000000000002
2.12e+30,1.5e+43,0.09887365100037845,17.05
2.12e+30,2.0000000000000003e+43,0.10847397665634753,16.15
2.12e+30,2.5e+43,0.1163689710690813,15.55
2.12e+30,3e+43,0.12311239213335337,15.05
2.12e+30,3.5e+43,0.12902125932583824,14.650000000000002
2.12e+30,4e+43,0.1342928588213995,14.25
2.12e+30,4.5e+43,0.13906087137526457,13.95
2.12e+30,5e+43,0.14342094936088512,13.75
2.12e+30,5.500000000000001e+43,0.14743886974973036,13.55
2.12e+30,6.000000000000001e+43,0.15117278277830198,13.450000000000003
2.12e+30,6.500000000000002e+43,0.15465960084558386,13.25
2.12e+30,7.000000000000002e+43,0.15793197597987962,13.05
2.12e+30,7.500000000000003e+43,0.1610194445669267,12.850000000000001
2.12e+30,8.000000000000003e+43,0.16394059584581958,12.750000000000002
2.12e+30,8.500000000000004e+43,0.16671320446543747,12.650000000000002
2.12e+30,9.000000000000004e+43,0.16935413023109316,12.550000000000002
2.12e+30,9.500000000000004e+43,0.17187640609797894,12.450000000000003
2.14e+30,1e+43,0.08560481259837863,6.350000000000001
2.14e+30,1.5e+43,0.09796774556679551,17.250000000000004
2.14e+30,2.0000000000000003e+43,0.10750584711072636,16.35
2.14e+30,2.5e+43,0.11535107389273459,15.650000000000002
2.14e+30,3e+43,0.12205378963315021,15.150000000000002
2.14e+30,3.5e+43,0.12792770503524026,14.750000000000007
2.14e+30,4e+43,0.13316809611152916,14.450000000000003
2.14e+30,4.5e+43,0.13791023819112794,14.150000000000002
2.14e+30,5e+43,0.14224599840606875,13.850000000000001
2.14e+30,5.500000000000001e+43,0.14624478917302342,13.650000000000002
2.14e+30,6.000000000000001e+43,0.14995844656281268,13.45
2.14e+30,6.500000000000002e+43,0.15342741626658898,13.25
2.14e+30,7.000000000000002e+43,0.156684167483979,13.150000000000002
2.14e+30,7.500000000000003e+43,0.15975368643028878,12.950000000000003
2.14e+30,8.000000000000003e+43,0.16266178530835665,12.750000000000004
2.14e+30,8.500000000000004e+43,0.16542065777324141,12.750000000000004
2.14e+30,9.000000000000004e+43,0.16805037719556465,12.550000000000002
2.14e+30,9.500000000000004e+43,0.1705589122823515,12.450000000000005
2.16e+30,1e+43,0.08479959164577128,6.350000000000001
2.16e+30,1.5e+43,0.09707713691031934,17.350000000000005
2.16e+30,2.0000000000000003e+43,0.1065526457303021,16.349999999999994
2.16e+30,2.5e+43,0.1143484007041414,15.750000000000007
2.16e+30,3e+43,0.12101070404031697,15.250000000000007
2.16e+30,3.5e+43,0.12684989109164063,14.75
2.16e+30,4e+43,0.13206187251033022,14.45
2.16e+30,4.5e+43,0.13677755487210788,14.149999999999999
2.16e+30,5e+43,0.14108882809556025,13.95
2.16e+30,5.500000000000001e+43,0.14506687542387295,13.649999999999999
2.16e+30,6.000000000000001e+43,0.14876031839123716,13.450000000000003
2.16e+30,6.500000000000002e+43,0.1522114638282989,13.25
2.16e+30,7.000000000000002e+43,0.15545258158787517,13.150000000000002
2.16e+30,7.500000000000003e+43,0.15850852182993175,13.05
2.16e+30,8.000000000000003e+43,0.1613992171403526,12.850000000000001
2.16e+30,8.500000000000004e+43,0.16414788672085784,12.750000000000002
2.16e+30,9.000000000000004e+43,0.1667627953828223,12.55
2.16e+30,9.500000000000004e+43,0.1692605525803048,12.550000000000002
2.18e+30,1e+43,0.08400735423271519,6.349999999999998
2.18e+30,1.5e+43,0.09620040941665625,17.35
2.18e+30,2.0000000000000003e+43,0.10561390525394232,16.449999999999996
2.18e+30,2.5e+43,0.11336059488265089,15.75
2.18e+30,3e+43,0.11998277488653585,15.25
2.18e+30,3.5e+43,0.12578765483506443,14.950000000000003
2.18e+30,4e+43,0.1309711577791276,14.55
2.18e+30,4.5e+43,0.13566050108266867,14.25
2.18e+30,5e+43,0.13994949495279033,13.950000000000003
2.18e+30,5.500000000000001e+43,0.1439047482514528,13.75
2.18e+30,6.000000000000001e+43,0.14757924873933825,13.650000000000002
2.18e+30,6.500000000000002e+43,0.15101303846939906,13.450000000000003
2.18e+30,7.000000000000002e+43,0.1542368606144464,13.149999999999999
2.18e+30,7.500000000000003e+43,0.15727918210169903,13.05
2.18e+30,8.000000000000003e+43,0.16015750305514745,12.950000000000003
2.18e+30,8.500000000000004e+43,0.16289091071937856,12.750000000000004
2.18e+30,9.000000000000004e+43,0.1654942062795978,12.750000000000004
2.18e+30,9.500000000000004e+43,0.167981539974756,12.550000000000002
2.2e+30,1e+43,0.08322778703692148,6.350000000000001
2.2e+30,1.5e+43,0.09533723328924737,17.450000000000003
2.2e+30,2.0000000000000003e+43,0.1046892863550894,16.55
2.2e+30,2.5e+43,0.11238816463510781,15.950000000000003
2.2e+30,3e+43,0.11897070954688964,15.450000000000003
2.2e+30,3.5e+43,0.12474294696461499,14.95
2.2e+30,4e+43,0.12989559995137928,14.549999999999994
2.2e+30,4.5e+43,0.1345587246471339,14.25
2.2e+30,5e+43,0.13882550060060928,14.05
2.2e+30,5.500000000000001e+43,0.14276024476071897,13.850000000000001
2.2e+30,6.000000000000001e+43,0.1464168271712608,13.650000000000002
2.2e+30,6.500000000000002e+43,0.14983315274489106,13.45
2.2e+30,7.000000000000002e+43,0.1530411351461331,13.25
2.2e+30,7.500000000000003e+43,0.1560653882268683,13.150000000000002
2.2e+30,8.000000000000003e+43,0.15893188949684017,12.95
2.2e+30,8.500000000000004e+43,0.16165117433282053,12.950000000000003
2.2e+30,9.000000000000004e+43,0.1642440747941237,12.750000000000002
2.2e+30,9.500000000000004e+43,0.166717871272667,12.650000000000002
2.22e+30,1e+43,0.08246058668883298,6.449999999999999
2.22e+30,1.5e+43,0.0944872891857921,17.550000000000004
2.22e+30,2.0000000000000003e+43,0.10377907951911892,16.649999999999995
2.22e+30,2.5e+43,0.11143102858635985,15.949999999999996
2.22e+30,3e+43,0.11797438310872797,15.45
2.22e+30,3.5e+43,0.12371287178132057,15.05
2.22e+30,4e+43,0.1288362457455279,14.749999999999996
2.22e+30,4.5e+43,0.1334747176638201,14.349999999999994
2.22e+30,5e+43,0.1377165048977215,14.05
2.22e+30,5.500000000000001e+43,0.141632661203508,13.850000000000001
2.22e+30,6.000000000000001e+43,0.1452694645202546,13.649999999999999
2.22e+30,6.500000000000002e+43,0.14866834626361722,13.450000000000003
2.22e+30,7.000000000000002e+43,0.15186102387197864,13.350000000000001
2.22e+30,7.500000000000003e+43,0.15487197572233832,13.25
2.22e+30,8.000000000000003e+43,0.15772135924322764,13.05
2.22e+30,8.500000000000004e+43,0.16043063625655385,12.950000000000003
2.22e+30,9.000000000000004e+43,0.16300895427207412,12.750000000000004
2.22e+30,9.500000000000004e+43,0.1654721722610287,12.750000000000004
2.24e+30,1e+43,0.08170562839786524,6.550000000000001
2.24e+30,1.5e+43,0.09365054913659315,17.65
2.24e+30,2.0000000000000003e+43,0.10288331646430389,16.749999999999996
2.24e+30,2.5e+43,0.11048772115207656,16.05
2.24e+30,3e+43,0.11699215422980452,15.450000000000006
2.24e+30,3.5e+43,0.12269710044305616,15.049999999999994
2.24e+30,4e+43,0.12779301419104103,14.750000000000007
2.24e+30,4.5e+43,0.1324058179197255,14.45
2.24e+30,5e+43,0.13662582720669578,14.149999999999999
2.24e+30,5.500000000000001e+43,0.14051975454722052,13.950000000000003
2.24e+30,6.000000000000001e+43,0.14413690559547906,13.75
2.24e+30,6.500000000000002e+43,0.1475189781534177,13.650000000000002
2.24e+30,7.000000000000002e+43,0.15069565701088602,13.350000000000001
2.24e+30,7.500000000000003e+43,0.15369326535665132,13.25
2.24e+30,8.000000000000003e+43,0.1565300351286553,13.150000000000002
2.24e+30,8.500000000000004e+43,0.15922476878561614,12.95
2.24e+30,9.000000000000004e+43,0.16179169574844068,12.850000000000001
2.24e+30,9.500000000000004e+43,0.16424460808260768,12.750000000000002
2.26e+30,1e+43,0.08096309152054815,6.550000000000001
2.26e+30,1.5e+43,0.09282735841608546,17.750000000000004
2.26e+30,2.0000000000000003e+43,0.10200069297849422,16.750000000000007
2.26e+30,2.5e+43,0.10955792869509469,16.049999999999994
2.26e+30,3e+43,0.11602370616565946,15.549999999999994
2.26e+30,3.5e+43,0.12169636401213799,15.249999999999996
2.26e+30,4e+43,0.1267638851620578,14.75
2.26e+30,4.5e+43,0.131351132235248,14.450000000000006
2.26e+30,5e+43,0.13554948993128943,14.25
2.26e+30,5.500000000000001e+43,0.13942221535019306,14.05
2.26e+30,6.000000000000001e+43,0.14302303568492342,13.850000000000001
2.26e+30,6.500000000000002e+43,0.1463880064530172,13.650000000000002
2.26e+30,7.000000000000002e+43,0.14954849130192327,13.45
2.26e+30,7.500000000000003e+43,0.15252894817431661,13.25
2.26e+30,8.000000000000003e+43,0.15535418504431744,13.150000000000002
2.26e+30,8.500000000000004e+43,0.15803511039007523,13.05
2.26e+30,9.000000000000004e+43,0.16059172307530498,12.950000000000003
2.26e+30,9.500000000000004e+43,0.163031298266958,12.750000000000004
2.28e+30,1e+43,0.08023205828915425,6.550000000000001
2.28e+30,1.5e+43,0.09201648212177035,17.850000000000005
2.28e+30,2.0000000000000003e+43,0.10113091022950024,16.849999999999994
2.28e+30,2.5e+43,0.10864226446211815,16.249999999999996
2.28e+30,3e+43,0.11507027939091771,15.650000000000002
2.28e+30,3.5e+43,0.12071093231751516,15.250000000000007
2.28e+30,4e+43,0.1257485497895755,14.850000000000005
2.28e+30,4.5e+43,0.13031180053671484,14.649999999999995
2.28e+30,5e+43,0.13448711250617276,14.25
2.28e+30,5.500000000000001e+43,0.13834171851886123,14.05
2.28e+30,6.000000000000001e+43,0.14192317574821386,13.850000000000001
2.28e+30,6.500000000000002e+43,0.14527106199657147,13.649999999999999
2.28e+30,7.000000000000002e+43,0.14841654814732777,13.55
2.28e+30,7.500000000000003e+43,0.15138374006416894,13.350000000000001
2.28e+30,8.000000000000003e+43,0.1541923616881446,13.149999999999999
2.28e+30,8.500000000000004e+43,0.15686344895567067,13.05
2.28e+30,9.000000000000004e+43,0.15940570466594062,12.95
2.28e+30,9.500000000000004e+43,0.16183555012259537,12.850000000000001
2.3e+30,1e+43,0.07951226113044428,6.549999999999997
2.3e+30,1.5e+43,0.09121763868278156,17.85
2.3e+30,2.0000000000000003e+43,0.100274100027498,17.049999999999997
2.3e+30,2.5e+43,0.10774056567033574,16.250000000000007
2.3e+30,3e+43,0.1141307959673266,15.750000000000007
2.3e+30,3.5e+43,0.11973882206710292,15.25
2.3e+30,4e+43,0.12474965944312943,14.95
2.3e+30,4.5e+43,0.1292879620284064,14.650000000000002
2.3e+30,5e+43,0.13344096618944126,14.450000000000003
2.3e+30,5.500000000000001e+43,0.13727488488167683,14.149999999999999
2.3e+30,6.000000000000001e+43,0.14083703103523815,13.850000000000001
2.3e+30,6.500000000000002e+43,0.14416818937821696,13.75
2.3e+30,7.000000000000002e+43,0.14729832686844585,13.55
2.3e+30,7.500000000000003e+43,0.15025242786560597,13.45
2.3e+30,8.000000000000003e+43,0.1530488262302724,13.25
2.3e+30,8.500000000000004e+43,0.15570543340399223,13.150000000000002
2.3e+30,9.000000000000004e+43,0.15823713433692782,13.05
2.3e+30,9.500000000000004e+43,0.1606561502389391,12.950000000000003
2.32e+30,1e+43,0.0788034407227527,6.650000000000002
2.32e+30,1.5e+43,0.090430555185255,17.950000000000003
2.32e+30,2.0000000000000003e+43,0.09943074320448536,17.050000000000004
2.32e+30,2.5e+43,0.10685145958691383,16.349999999999994
2.32e+30,3e+43,0.11320415340495306,15.75
2.32e+30,3.5e+43,0.11877974409436662,15.350000000000005
2.32e+30,4e+43,0.12376399112504255,15.05
2.32e+30,4.5e+43,0.128277365150036,14.649999999999999
2.32e+30,5e+43,0.13240924765589634,14.45
2.32e+30,5.500000000000001e+43,0.13622184297842674,14.25
2.32e+30,6.000000000000001e+43,0.1397681705537944,14.05
2.32e+30,6.500000000000002e+43,0.14308301719582248,13.850000000000001
2.32e+30,7.000000000000002e+43,0.14619720346573756,13.650000000000002
2.32e+30,7.500000000000003e+43,0.14913459656894945,13.55
2.32e+30,8.000000000000003e+43,0.15191958147508333,13.350000000000001
2.32e+30,8.500000000000004e+43,0.1545632709077366,13.25
2.32e+30,9.000000000000004e+43,0.15708413705972826,13.05
2.32e+30,9.500000000000004e+43,0.15949001221431833,12.95
2.34e+30,1e+43,0.07810562803024461,6.75
2.34e+30,1.5e+43,0.08965604992595227,18.150000000000006
2.34e+30,2.0000000000000003e+43,0.0985993547345308,17.149999999999995
2.34e+30,2.5e+43,0.10597466975311352,16.35
2.34e+30,3e+43,0.1122903016334128,15.950000000000003
2.34e+30,3.5e+43,0.11783586055783787,15.45
2.34e+30,4e+43,0.12279118059327664,15.049999999999994
2.34e+30,4.5e+43,0.12728034313470465,14.850000000000001
2.34e+30,5e+43,0.13139053895527184,14.450000000000006
2.34e+30,5.500000000000001e+43,0.13518544667054147,14.25
2.34e+30,6.000000000000001e+43,0.13871280911393125,14.05
2.34e+30,6.500000000000002e+43,0.1420109114962073,13.850000000000001
2.34e+30,7.000000000000002e+43,0.14511038532541154,13.649999999999999
2.34e+30,7.500000000000003e+43,0.148034964767074,13.55
2.34e+30,8.000000000000003e+43,0.15080339942876106,13.350000000000001
2.34e+30,8.500000000000004e+43,0.15343739943999551,13.25
2.34e+30,9.000000000000004e+43,0.1559441307578421,13.05
2.34e+30,9.500000000000004e+43,0.1583416549979851,13.05
2.36e+30,1e+43,0.07741884175985721,6.75
2.36e+30,1.5e+43,0.08889291208948538,18.15
2.36e+30,2.0000000000000003e+43,0.09777967085383069,17.150000000000002
2.36e+30,2.5e+43,0.10511143170794933,16.550000000000004
2.36e+30,3e+43,0.1113908411056348,15.949999999999996
2.36e+30,3.5e+43,0.11690464309437461,15.55
2.36e+30,4e+43,0.12183296326381418,15.150000000000002
2.36e+30,4.5e+43,0.12629871679833082,14.849999999999994
2.36e+30,5e+43,0.13038658591295166,14.55
2.36e+30,5.500000000000001e+43,0.13416178672843954,14.349999999999994
2.36e+30,6.000000000000001e+43,0.13767023286242833,14.05
2.36e+30,6.500000000000002e+43,0.1409521172365205,13.95
2.36e+30,7.000000000000002e+43,0.14403635509301532,13.75
2.36e+30,7.500000000000003e+43,0.14694807665877171,13.55
2.36e+30,8.000000000000003e+43,0.14970519620038805,13.45
2.36e+30,8.500000000000004e+43,0.15232423911914114,13.25
2.36e+30,9.000000000000004e+43,0.15482175359318792,13.25
2.36e+30,9.500000000000004e+43,0.1572073993939791,13.05
2.38e+30,1e+43,0.07674228839551417,6.75
2.38e+30,1.5e+43,0.08814074283976067,18.250000000000004
2.38e+30,2.0000000000000003e+43,0.09697214286137495,17.350000000000005
2.38e+30,2.5e+43,0.10426042681638499,16.55
2.38e+30,3e+43,0.11050336019968447,16.05
2.38e+30,3.5e+43,0.11598558478376866,15.549999999999994
2.38e+30,4e+43,0.12088802021880764,15.250000000000007
2.38e+30,4.5e+43,0.12532944201350182,14.850000000000005
2.38e+30,5e+43,0.12939668678481073,14.650000000000002
2.38e+30,5.500000000000001e+43,0.13315091629423023,14.450000000000003
2.38e+30,6.000000000000001e+43,0.13664397812971976,14.149999999999999
2.38e+30,6.500000000000002e+43,0.13990987700594046,13.950000000000003
2.38e+30,7.000000000000002e+43,0.14297889842626305,13.850000000000001
2.38e+30,7.500000000000003e+43,0.1458745382875959,13.650000000000002
2.38e+30,8.000000000000003e+43,0.14861964995700694,13.450000000000003
2.38e+30,8.500000000000004e+43,0.15122713595299034,13.350000000000001
2.38e+30,9.000000000000004e+43,0.15371280297827092,13.25
2.38e+30,9.500000000000004e+43,0.1560857557451549,13.150000000000002
2.4e+30,1e+43,0.07607573852700553,6.75
2.4e+30,1.5e+43,0.08739930081587824,18.350000000000005
2.4e+30,2.0000000000000003e+43,0.09617670737091705,17.35
2.4e+30,2.5e+43,0.10342091767150131,16.650000000000002
2.4e+30,3e+43,0.10962760508480766,16.049999999999994
2.4e+30,3.5e+43,0.11508004229182692,15.650000000000002
2.4e+30,4e+43,0.11995507765493435,15.25
2.4e+30,4.5e+43,0.1243725016349194,15.050000000000008
2.4e+30,5e+43,0.12841892790174156,14.649999999999999
2.4e+30,5.500000000000001e+43,0.1321558694610062,14.45
2.4e+30,6.000000000000001e+43,0.13563034734695095,14.25
2.4e+30,6.500000000000002e+43,0.13887982499429521,14.05
2.4e+30,7.000000000000002e+43,0.14193440273816793,13.850000000000001
2.4e+30,7.500000000000003e+43,0.1448174451189234,13.75
2.4e+30,8.000000000000003e+43,0.14754721713807822,13.650000000000002
2.4e+30,8.500000000000004e+43,0.1501442136667552,13.45
2.4e+30,9.000000000000004e+43,0.1526165473125263,13.349999999999998
2.4e+30,9.500000000000004e+43,0.15498211912935944,13.150000000000002
2.42e+30,1e+43,0.07541896960671865,6.75
2.42e+30,1.5e+43,0.086669445664133,8.05
2.42e+30,2.0000000000000003e+43,0.09539219990932603,17.450000000000003
2.42e+30,2.5e+43,0.10259318627909496,16.749999999999996
2.42e+30,3e+43,0.10876500329989254,16.249999999999996
2.42e+30,3.5e+43,0.11418716502844117,15.750000000000007
2.42e+30,4e+43,0.11903538642114814,15.349999999999994
2.42e+30,4.5e+43,0.1234304613342673,15.05
2.42e+30,5e+43,0.12745496556423622,14.750000000000007
2.42e+30,5.500000000000001e+43,0.13117271080845716,14.450000000000006
2.42e+30,6.000000000000001e+43,0.13462865076643732,14.25
2.42e+30,6.500000000000002e+43,0.13786283117087142,14.150000000000002
2.42e+30,7.000000000000002e+43,0.14090193461733577,13.95
2.42e+30,7.500000000000003e+43,0.14377224171824604,13.75
2.42e+30,8.000000000000003e+43,0.14649109823558404,13.650000000000002
2.42e+30,8.500000000000004e+43,0.14907314900685886,13.450000000000003
2.42e+30,9.000000000000004e+43,0.15153742720278066,13.350000000000001
2.42e+30,9.500000000000004e+43,0.15389022843027375,13.25
2.44e+30,1e+43,0.07477258558395804,6.949999999999999
2.44e+30,1.5e+43,0.08594997794099388,8.150000000000002
2.44e+30,2.0000000000000003e+43,0.09461838712279967,17.449999999999996
2.44e+30,2.5e+43,0.10177789850992602,16.85
2.44e+30,3e+43,0.10791424551993939,16.250000000000007
2.44e+30,3.5e+43,0.11330564631740825,15.75
2.44e+30,4e+43,0.11812864606758984,15.45
2.44e+30,4.5e+43,0.12249995713635645,15.049999999999994
2.44e+30,5e+43,0.12650430500211837,14.849999999999994
2.44e+30,5.500000000000001e+43,0.13020182150756213,14.649999999999995
2.44e+30,6.000000000000001e+43,0.1336428037071427,14.349999999999994
2.44e+30,6.500000000000002e+43,0.13686088075088876,14.149999999999999
2.44e+30,7.000000000000002e+43,0.1398858119519311,13.950000000000003
2.44e+30,7.500000000000003e+43,0.1427407247689081,13.850000000000001
2.44e+30,8.000000000000003e+43,0.14544657294737462,13.649999999999999
2.44e+30,8.500000000000004e+43,0.14801880834138034,13.55
2.44e+30,9.000000000000004e+43,0.15046982662780986,13.350000000000001
2.44e+30,9.500000000000004e+43,0.1528122413904163,13.349999999999998
2.46e+30,1e+43,0.07413556718000366,6.949999999999999
2.46e+30,1.5e+43,0.08524053227506631,8.149999999999999
2.46e+30,2.0000000000000003e+43,0.09385640121478106,17.65
2.46e+30,2.5e+43,0.10097335349805273,16.849999999999994
2.46e+30,3e+43,0.10707444636290411,16.25
2.46e+30,3.5e+43,0.11243641619455118,15.950000000000003
2.46e+30,4e+43,0.1172331201419182,15.450000000000006
2.46e+30,4.5e+43,0.12158100193948954,15.249999999999996
2.46e+30,5e+43,0.12556498796292126,14.850000000000005
2.46e+30,5.500000000000001e+43,0.12924558790175328,14.650000000000002
2.46e+30,6.000000000000001e+43,0.1326683516733743,14.45
2.46e+30,6.500000000000002e+43,0.13587031489367285,14.150000000000002
2.46e+30,7.000000000000002e+43,0.13888105570640233,14.05
2.46e+30,7.500000000000003e+43,0.14172357211817152,13.850000000000001
2.46e+30,8.000000000000003e+43,0.1444158783110105,13.75
2.46e+30,8.500000000000004e+43,0.1469762185835767,13.55
2.46e+30,9.000000000000004e+43,0.14941612047262706,13.45
2.46e+30,9.500000000000004e+43,0.1517491860974951,13.350000000000001
2.48e+30,1e+43,0.07350768642215387,6.949999999999999
2.48e+30,1.5e+43,0.08454108873265206,8.25
2.48e+30,2.0000000000000003e+43,0.09310488237342168,17.750000000000004
2.48e+30,2.5e+43,0.10017932845681726,16.949999999999996
2.48e+30,3e+43,0.10624652540691626,16.450000000000003
2.48e+30,3.5e+43,0.11157952387897734,15.949999999999996
2.48e+30,4e+43,0.11634993579554306,15.55
2.48e+30,4.5e+43,0.12067612529419487,15.250000000000007
2.48e+30,5e+43,0.12463894327804428,14.95
2.48e+30,5.500000000000001e+43,0.12830046549280605,14.649999999999999
2.48e+30,6.000000000000001e+43,0.13170581156031455,14.550000000000008
2.48e+30,6.500000000000002e+43,0.1348929766042948,14.350000000000001
2.48e+30,7.000000000000002e+43,0.13788877101343722,14.150000000000002
2.48e+30,7.500000000000003e+43,0.1407175281829942,13.850000000000001
2.48e+30,8.000000000000003e+43,0.1433990696065434,13.75
2.48e+30,8.500000000000004e+43,0.14594618324816303,13.650000000000002
2.48e+30,9.000000000000004e+43,0.14837662053873235,13.55
2.48e+30,9.500000000000004e+43,0.15069710013563514,13.350000000000001
2.5e+30,1e+43,0.0728887458294943,6.950000000000003
2.5e+30,1.5e+43,0.08385228152836363,8.25
2.5e+30,2.0000000000000003e+43,0.09236336548417262,17.749999999999996
2.5e+30,2.5e+43,0.09939744635140427,17.050000000000004
2.5e+30,3e+43,0.10543024006366584,16.449999999999996
2.5e+30,3.5e+43,0.11073325532773182,15.950000000000006
2.5e+30,4e+43,0.1154790701810973,15.650000000000002
2.5e+30,4.5e+43,0.11978203694599676,15.25
2.5e+30,5e+43,0.12372514009688303,15.05
2.5e+30,5.500000000000001e+43,0.12736749615011306,14.850000000000001
2.5e+30,6.000000000000001e+43,0.1307575453389403,14.55
2.5e+30,6.500000000000002e+43,0.13392887957070465,14.349999999999994
2.5e+30,7.000000000000002e+43,0.13691074146368487,14.149999999999999
2.5e+30,7.500000000000003e+43,0.13972589377993455,14.05
2.5e+30,8.000000000000003e+43,0.14239309679801915,13.75
2.5e+30,8.500000000000004e+43,0.14493096456764007,13.75
2.5e+30,9.000000000000004e+43,0.14734788489114592,13.55
2.5e+30,9.500000000000004e+43,0.14966056326642257,13.45
2.52e+30,1e+43,0.07227936729012768,7.050000000000001
2.52e+30,1.5e+43,0.08317284842003057,8.25
2.52e+30,2.0000000000000003e+43,0.09163234875173512,17.95
2.52e+30,2.5e+43,0.09862572669245309,17.149999999999995
2.52e+30,3e+43,0.10462420876838166,16.55
2.52e+30,3.5e+43,0.10989843131024027,16.149999999999995
2.52e+30,4e+43,0.11461869757251368,15.649999999999999
2.52e+30,4.5e+43,0.11889909559699385,15.450000000000003
2.52e+30,5e+43,0.12282194974670504,15.049999999999994
2.52e+30,5.500000000000001e+43,0.1264477356728927,14.849999999999994
2.52e+30,6.000000000000001e+43,0.12981991733756235,14.549999999999994
2.52e+30,6.500000000000002e+43,0.13297543094200956,14.350000000000005
2.52e+30,7.000000000000002e+43,0.13594334199962274,14.150000000000002
2.52e+30,7.500000000000003e+43,0.13874628589383925,14.05
2.52e+30,8.000000000000003e+43,0.14140202583691652,13.95
2.52e+30,8.500000000000004e+43,0.14392629496814963,13.75
2.52e+30,9.000000000000004e+43,0.14633458000256083,13.650000000000002
2.52e+30,9.500000000000004e+43,0.14863566221567864,13.450000000000003
2.54e+30,1e+43,0.07167857036720049,7.050000000000001
2.54e+30,1.5e+43,0.0825025937213382,8.25
2.54e+30,2.0000000000000003e+43,0.09091179859084372,17.950000000000003
2.54e+30,2.5e+43,0.09786385470023617,17.150000000000002
2.54e+30,3e+43,0.10382913858250262,16.649999999999995
2.54e+30,3.5e+43,0.10907534913559906,16.150000000000002
2.54e+30,4e+43,0.11377012212716764,15.750000000000007
2.54e+30,4.5e+43,0.11802914640183802,15.45
2.54e+30,5e+43,0.12193187272850078,15.150000000000002
2.54e+30,5.500000000000001e+43,0.1255383738962868,14.850000000000005
2.54e+30,6.000000000000001e+43,0.1288945532600862,14.650000000000002
2.54e+30,6.500000000000002e+43,0.1320357296827656,14.45
2.54e+30,7.000000000000002e+43,0.13498919951363847,14.350000000000001
2.54e+30,7.500000000000003e+43,0.1377774911639383,14.150000000000002
2.54e+30,8.000000000000003e+43,0.14042218560816958,13.950000000000003
2.54e+30,8.500000000000004e+43,0.142935661648542,13.850000000000001
2.54e+30,9.000000000000004e+43,0.14533234362687342,13.649999999999999
2.54e+30,9.500000000000004e+43,0.1476226131899673,13.55
2.56e+30,1e+43,0.07108613911267411,7.049999999999997
2.56e+30,1.5e+43,0.08184211270791267,8.349999999999998
2.56e+30,2.0000000000000003e+43,0.09020061343938986,18.049999999999997
2.56e+30,2.5e+43,0.09711310649473598,17.350000000000005
2.56e+30,3e+43,0.10304524677946642,16.650000000000002
2.56e+30,3.5e+43,0.10826221567548469,16.15
2.56e+30,4e+43,0.11293298121333804,15.849999999999994
2.56e+30,4.5e+43,0.11716929903099901,15.450000000000006
2.56e+30,5e+43,0.12105272814429448,15.149999999999999
2.56e+30,5.500000000000001e+43,0.12464138583581887,14.95
2.56e+30,6.000000000000001e+43,0.12798161062388155,14.750000000000007
2.56e+30,6.500000000000002e+43,0.13110723733386606,14.55
2.56e+30,7.000000000000002e+43,0.13404700183932464,14.349999999999994
2.56e+30,7.500000000000003e+43,0.13682330664354064,14.149999999999999
2.56e+30,8.000000000000003e+43,0.13945375373159777,14.05
2.56e+30,8.500000000000004e+43,0.14195680913154526,13.850000000000001
2.56e+30,9.000000000000004e+43,0.1443420014706267,13.75
2.56e+30,9.500000000000004e+43,0.14662385688116575,13.650000000000002
2.58e+30,1e+43,0.07050208015095519,7.25
2.58e+30,1.5e+43,0.08119086009791356,8.450000000000003
2.58e+30,2.0000000000000003e+43,0.08949890420457465,18.150000000000006
2.58e+30,2.5e+43,0.09637223603244512,17.35
2.58e+30,3e+43,0.10227096129915154,16.750000000000007
2.58e+30,3.5e+43,0.10746000725177228,16.35
2.58e+30,4e+43,0.1121056705306463,15.850000000000001
2.58e+30,4.5e+43,0.1163205186128433,15.649999999999995
2.58e+30,5e+43,0.12018359839135029,15.350000000000001
2.58e+30,5.500000000000001e+43,0.12375593749509692,15.05
2.58e+30,6.000000000000001e+43,0.1270786320075512,14.75
2.58e+30,6.500000000000002e+43,0.13018923977010535,14.649999999999995
2.58e+30,7.000000000000002e+43,0.13311479225226355,14.450000000000003
2.58e+30,7.500000000000003e+43,0.1358790323160577,14.150000000000002
2.58e+30,8.000000000000003e+43,0.1384990502050418,14.05
2.58e+30,8.500000000000004e+43,0.14098864614372797,13.95
2.58e+30,9.000000000000004e+43,0.14336525505626538,13.75
2.58e+30,9.500000000000004e+43,0.14563487142580736,13.649999999999999
2.6e+30,1e+43,0.06992670154454839,7.25
2.6e+30,1.5e+43,0.08054820643731796,8.45
2.6e+30,2.0000000000000003e+43,0.0888074562958186,18.25
2.6e+30,2.5e+43,0.09564059474802346,17.349999999999994
2.6e+30,3e+43,0.10150702406418678,16.85
2.6e+30,3.5e+43,0.10666872539055702,16.349999999999994
2.6e+30,4e+43,0.11128992056734105,15.949999999999996
2.6e+30,4.5e+43,0.11548343076653975,15.650000000000002
2.6e+30,5e+43,0.11932758264993466,15.349999999999994
2.6e+30,5.500000000000001e+43,0.12288023379637647,15.049999999999994
2.6e+30,6.000000000000001e+43,0.12618856084454447,14.849999999999994
2.6e+30,6.500000000000002e+43,0.12928475519282787,14.650000000000002
2.6e+30,7.000000000000002e+43,0.13219683871771007,14.45
2.6e+30,7.500000000000003e+43,0.1349469822840194,14.350000000000001
2.6e+30,8.000000000000003e+43,0.13755401678545676,14.05
2.6e+30,8.500000000000004e+43,0.14003463100083502,13.950000000000003
2.6e+30,9.000000000000004e+43,0.142398107537735,13.75
2.6e+30,9.500000000000004e+43,0.14466004665805876,13.75
2.62e+30,1e+43,0.06935915987465618,7.25
2.62e+30,1.5e+43,0.07991433370812227,8.55
2.62e+30,2.0000000000000003e+43,0.08812478716391475,18.250000000000004
2.62e+30,2.5e+43,0.0949193431022515,17.549999999999997
2.62e+30,3e+43,0.10075360400661362,16.950000000000003
2.62e+30,3.5e+43,0.10588677144265439,16.35
2.62e+30,4e+43,0.11048451694623125,16.05
2.62e+30,4.5e+43,0.1146558139115965,15.649999999999999
2.62e+30,5e+43,0.11848106452550192,15.350000000000005
2.62e+30,5.500000000000001e+43,0.12201740406844726,15.150000000000002
2.62e+30,6.000000000000001e+43,0.12530887651920605,14.850000000000005
2.62e+30,6.500000000000002e+43,0.1283897901578788,14.649999999999999
2.62e+30,7.000000000000002e+43,0.13128838437674561,14.450000000000006
2.62e+30,7.500000000000003e+43,0.1340267064082573,14.349999999999994
2.62e+30,8.000000000000003e+43,0.1366221082949211,14.149999999999999
2.62e+30,8.500000000000004e+43,0.13909003224078803,13.95
2.62e+30,9.000000000000004e+43,0.14144502220144037,13.95
2.62e+30,9.500000000000004e+43,0.1436957504553785,13.75
2.64e+30,1e+43,0.06879929406654828,7.25
2.64e+30,1.5e+43,0.07928956827528068,8.549999999999997
2.64e+30,2.0000000000000003e+43,0.08745082850241927,18.450000000000006
2.64e+30,2.5e+43,0.09420749443603524,17.550000000000004
2.64e+30,3e+43,0.10000919420351755,16.949999999999996
2.64e+30,3.5e+43,0.10511549716964215,16.550000000000004
2.64e+30,4e+43,0.10968833402648255,16.049999999999994
2.64e+30,4.5e+43,0.11383945317976442,15.750000000000007
2.64e+30,5e+43,0.11764502586143633,15.45
2.64e+30,5.500000000000001e+43,0.1211642704453669,15.149999999999999
2.64e+30,6.000000000000001e+43,0.12443925231645742,15.050000000000008
2.64e+30,6.500000000000002e+43,0.12750646101164068,14.750000000000007
2.64e+30,7.000000000000002e+43,0.13039131774844803,14.55
2.64e+30,7.500000000000003e+43,0.13311576323030724,14.450000000000003
2.64e+30,8.000000000000003e+43,0.1357008134337218,14.25
2.64e+30,8.500000000000004e+43,0.13815820111533036,14.150000000000002
2.64e+30,9.000000000000004e+43,0.14050195166926105,13.950000000000003
2.64e+30,9.500000000000004e+43,0.14274265311024004,13.850000000000001
2.66e+30,1e+43,0.0682475205803696,7.350000000000001
2.66e+30,1.5e+43,0.07867286802467517,8.55
2.66e+30,2.0000000000000003e+43,0.08678675681152045,9.45
2.66e+30,2.5e+43,0.09350430539116239,17.650000000000002
2.66e+30,3e+43,0.09927477766430748,17.050000000000004
2.66e+30,3.5e+43,0.10435415664703197,16.55
2.66e+30,4e+43,0.10890373404800661,16.150000000000002
2.66e+30,4.5e+43,0.11303331602712274,15.849999999999994
2.66e+30,5e+43,0.11682033928487907,15.55
2.66e+30,5.500000000000001e+43,0.12032130252680531,15.350000000000001
2.66e+30,6.000000000000001e+43,0.12358198803266587,15.05
2.66e+30,6.500000000000002e+43,0.12663416761396384,14.849999999999994
2.66e+30,7.000000000000002e+43,0.12950576079024617,14.650000000000002
2.66e+30,7.500000000000003e+43,0.13221858622754493,14.45
2.66e+30,8.000000000000003e+43,0.13478983516514131,14.350000000000001
2.66e+30,8.500000000000004e+43,0.13723706794157706,14.149999999999999
2.66e+30,9.000000000000004e+43,0.13957010592861072,14.05
2.66e+30,9.500000000000004e+43,0.1418021223883136,13.850000000000001
2.68e+30,1e+43,0.0677033713865081,7.350000000000001
2.68e+30,1.5e+43,0.0780641775301512,8.650000000000002
2.68e+30,2.0000000000000003e+43,0.08613092378917045,9.450000000000003
2.68e+30,2.5e+43,0.09281101451056574,17.750000000000004
2.68e+30,3e+43,0.09855005124272248,17.149999999999995
2.68e+30,3.5e+43,0.10360157252825423,16.549999999999994
2.68e+30,4e+43,0.10812822899920735,16.250000000000007
2.68e+30,4.5e+43,0.11223606954014889,15.850000000000001
2.68e+30,5e+43,0.11600456777307162,15.549999999999994
2.68e+30,5.500000000000001e+43,0.11948989504907667,15.349999999999994
2.68e+30,6.000000000000001e+43,0.12273365213626554,15.049999999999994
2.68e+30,6.500000000000002e+43,0.12577088744265233,14.950000000000003
2.68e+30,7.000000000000002e+43,0.12862911885265976,14.649999999999999
2.68e+30,7.500000000000003e+43,0.1313302792323882,14.450000000000006
2.68e+30,8.000000000000003e+43,0.13389139394702235,14.349999999999994
2.68e+30,8.500000000000004e+43,0.13632601687571308,14.25
2.68e+30,9.000000000000004e+43,0.13865021564415464,14.05
2.68e+30,9.500000000000004e+43,0.1408703249772249,13.850000000000001
2.7e+30,1e+43,0.06716642414059246,7.349999999999998
2.7e+30,1.5e+43,0.07746433282321141,8.649999999999999
2.7e+30,2.0000000000000003e+43,0.08548325685661345,9.55
2.7e+30,2.5e+43,0.09212649633115294,17.850000000000005
2.7e+30,3e+43,0.09783378597355874,17.150000000000002
2.7e+30,3.5e+43,0.10285965345546581,16.749999999999996
2.7e+30,4e+43,0.10736195686438778,16.35
2.7e+30,4.5e+43,0.1114504922743571,15.949999999999996
2.7e+30,5e+43,0.11519995600709382,15.650000000000002
2.7e+30,5.500000000000001e+43,0.11866722816247516,15.350000000000005
2.7e+30,6.000000000000001e+43,0.1218965459912373,15.150000000000002
2.7e+30,6.500000000000002e+43,0.12492042253482183,14.95
2.7e+30,7.000000000000002e+43,0.12776544971892734,14.750000000000007
2.7e+30,7.500000000000003e+43,0.13045321936269455,14.55
2.7e+30,8.000000000000003e+43,0.13300161114447986,14.350000000000005
2.7e+30,8.500000000000004e+43,0.1354274785951312,14.25
2.7e+30,9.000000000000004e+43,0.13773902345551078,14.150000000000002
2.7e+30,9.500000000000004e+43,0.13995250763164943,13.950000000000003
2.72e+30,1e+43,0.06663679919348321,7.449999999999999
2.72e+30,1.5e+43,0.0768720611167356,8.650000000000002
2.72e+30,2.0000000000000003e+43,0.08484496377506914,9.55
2.72e+30,2.5e+43,0.0914501127356652,17.85
2.72e+30,3e+43,0.09712737692093186,17.350000000000005
2.72e+30,3.5e+43,0.10212653326967838,16.750000000000007
2.72e+30,4e+43,0.10660635940698843,16.349999999999994
2.72e+30,4.5e+43,0.11067353725924652,15.950000000000006
2.72e+30,5e+43,0.11440481168329185,15.649999999999999
2.72e+30,5.500000000000001e+43,0.11785572888208141,15.45
2.72e+30,6.000000000000001e+43,0.12106939980011723,15.149999999999999
2.72e+30,6.500000000000002e+43,0.1240784951981717,14.950000000000006
2.72e+30,7.000000000000002e+43,0.1269104551013842,14.75
2.72e+30,7.500000000000003e+43,0.12958675167702682,14.650000000000002
2.72e+30,8.000000000000003e+43,0.13212432905632088,14.45
2.72e+30,8.500000000000004e+43,0.13453737394794307,14.25
2.72e+30,9.000000000000004e+43,0.1368414566181884,14.149999999999999
2.72e+30,9.500000000000004e+43,0.13904318984969669,14.05
2.74e+30,1e+43,0.06611465746776597,7.550000000000001
2.74e+30,1.5e+43,0.0762872181106939,8.850000000000001
2.74e+30,2.0000000000000003e+43,0.08421441123323191,9.649999999999999
2.74e+30,2.5e+43,0.09078334195833737,17.950000000000003
2.74e+30,3e+43,0.09642969747974041,17.35
2.74e+30,3.5e+43,0.10140197293215471,16.85
2.74e+30,4e+43,0.10585905019692829,16.449999999999996
2.74e+30,4.5e+43,0.1099060179148641,16.149999999999995
2.74e+30,5e+43,0.11361857317770699,15.850000000000001
2.74e+30,5.500000000000001e+43,0.11705359937541811,15.450000000000006
2.74e+30,6.000000000000001e+43,0.12025118271958678,15.350000000000001
2.74e+30,6.500000000000002e+43,0.12324717957840918,15.05
2.74e+30,7.000000000000002e+43,0.12606606540144485,14.849999999999994
2.74e+30,7.500000000000003e+43,0.12872920704867685,14.749999999999996
2.74e+30,8.000000000000003e+43,0.13125616361498238,14.450000000000006
2.74e+30,8.500000000000004e+43,0.13365985563085958,14.349999999999994
2.74e+30,9.000000000000004e+43,0.13595208637579478,14.150000000000002
2.74e+30,9.500000000000004e+43,0.13814548070692773,14.150000000000002
2.76e+30,1e+43,0.06559928041476952,7.550000000000001
2.76e+30,1.5e+43,0.075710843733504,8.850000000000001
2.76e+30,2.0000000000000003e+43,0.08359166885360672,9.75
2.76e+30,2.5e+43,0.09012458750145766,18.049999999999997
2.76e+30,3e+43,0.0957399728196387,17.349999999999994
2.76e+30,3.5e+43,0.10068759608751154,16.950000000000003
2.76e+30,4e+43,0.1051214464910987,16.550000000000004
2.76e+30,4.5e+43,0.10914860701093335,16.150000000000002
2.76e+30,5e+43,0.11284329713811111,15.849999999999994
2.76e+30,5.500000000000001e+43,0.11626044480463299,15.649999999999995
2.76e+30,6.000000000000001e+43,0.1194444483473747,15.349999999999994
2.76e+30,6.500000000000002e+43,0.12242589837611738,15.049999999999994
2.76e+30,7.000000000000002e+43,0.12523192543313433,14.850000000000005
2.76e+30,7.500000000000003e+43,0.12788377838873083,14.750000000000007
2.76e+30,8.000000000000003e+43,0.13039824216668802,14.55
2.76e+30,8.500000000000004e+43,0.1327911326717232,14.350000000000005
2.76e+30,9.000000000000004e+43,0.13507428467474114,14.25
2.76e+30,9.500000000000004e+43,0.13725782085764845,14.149999999999999
2.78e+30,1e+43,0.06509061316370432,7.649999999999999
2.78e+30,1.5e+43,0.07514158804786608,8.849999999999998
2.78e+30,2.0000000000000003e+43,0.08297767429449998,9.75
2.78e+30,2.5e+43,0.08947365794027003,18.150000000000006
2.78e+30,3e+43,0.09506015080450465,17.549999999999997
2.78e+30,3.5e+43,0.09998110148219781,16.949999999999996
2.78e+30,4e+43,0.10439295615792302,16.55
2.78e+30,4.5e+43,0.10839919553635895,16.15
2.78e+30,5e+43,0.11207603973024473,15.850000000000001
2.78e+30,5.500000000000001e+43,0.11547810150590322,15.650000000000002
2.78e+30,6.000000000000001e+43,0.11864573955582455,15.350000000000005
2.78e+30,6.500000000000002e+43,0.12161311464397691,15.249999999999996
2.78e+30,7.000000000000002e+43,0.12440627358165433,15.050000000000008
2.78e+30,7.500000000000003e+43,0.1270463148212819,14.75
2.78e+30,8.000000000000003e+43,0.12955090654924886,14.650000000000002
2.78e+30,8.500000000000004e+43,0.13193284239567718,14.45
2.78e+30,9.000000000000004e+43,0.13420604764650848,14.349999999999994
2.78e+30,9.500000000000004e+43,0.13637966866386397,14.25
