x_val,y_val,result
0.020584587762320243,1.3797879846734362,0.0004079284657492554
0.041169175524640486,1.3797879846734362,0.0015704854826006766
0.06175376328696073,1.3797879846734362,0.0034001109005549423
0.08233835104928097,1.3797879846734362,0.005814741341704747
0.10292293881160121,1.3797879846734362,0.008737556693821667
0.12350752657392146,1.3797879846734362,0.012096740980589793
0.1440921143362417,1.3797879846734362,0.01582525639819119
0.16467670209856194,1.3797879846734362,0.019860629387581916
0.1852612898608822,1.3797879846734362,0.024144747689084763
0.20584587762320242,1.3797879846734362,0.02862366740089135
0.22643046538552267,1.3797879846734362,0.033247429135716614
0.24701505314784292,1.3797879846734362,0.03796988244017672
0.26759964091016314,1.3797879846734362,0.04274851770944412
0.2881842286724834,1.3797879846734362,0.04754430489533947
0.30876881643480364,1.3797879846734362,0.05232153836920901
0.3293534041971239,1.3797879846734362,0.05704768736166212
0.34993799195944414,1.3797879846734362,0.061693251459454125
0.3705225797217644,1.3797879846734362,0.06623162069544465
0.3911071674840846,1.3797879846734362,0.07063893982058639
0.41169175524640483,1.3797879846734362,0.07489397639725404
0.4322763430087251,1.3797879846734362,0.07897799240085959
0.45286093077104533,1.3797879846734362,0.08287461906157743
0.4734455185333656,1.3797879846734362,0.0865697347200829
0.49403010629568583,1.3797879846734362,0.09005134551046574
0.5146146940580061,1.3797879846734362,0.09330946871989317
0.5351992818203263,1.3797879846734362,0.09633601870816079
0.5557838695826466,1.3797879846734362,0.09912469530098056
0.5763684573449668,1.3797879846734362,0.1016708745987304
0.5969530451072871,1.3797879846734362,0.10397150216745166
0.6175376328696073,1.3797879846734362,0.10602498860116619
0.6381222206319275,1.3797879846734362,0.10783110746414383
0.6587068083942478,1.3797879846734362,0.1093908956386414
0.679291396156568,1.3797879846734362,0.11070655611793319
0.6998759839188883,1.3797879846734362,0.11178136329623865
0.7204605716812085,1.3797879846734362,0.11261957081652547
0.7410451594435288,1.3797879846734362,0.11322632204422559
0.761629747205849,1.3797879846734362,0.11360756323976863
0.7822143349681692,1.3797879846734362,0.11376995950562677
0.8027989227304895,1.3797879846734362,0.11372081358441527
0.8233835104928097,1.3797879846734362,0.11346798758363787
0.84396809825513,1.3797879846734362,0.11301982770004645
0.8645526860174502,1.3797879846734362,0.1123850920124529
0.8851372737797705,1.3797879846734362,0.11157288140633274
0.9057218615420907,1.3797879846734362,0.1105925736868501
0.9263064493044109,1.3797879846734362,0.1094537609291653
0.9468910370667312,1.3797879846734362,0.10816619010621067
0.9674756248290514,1.3797879846734362,0.10673970702469247
0.9880602125913717,1.3797879846734362,0.10518420359004066
1.0086448003536919,1.3797879846734362,0.10350956841053505
1.0292293881160122,1.3797879846734362,0.10172564074002079
1.0498139758783325,1.3797879846734362,0.09984216774762907
1.0703985636406526,1.3797879846734362,0.09786876509186442
1.0909831514029729,1.3797879846734362,0.09581488076543268
1.1115677391652932,1.3797879846734362,0.09368976216637696
1.1321523269276133,1.3797879846734362,0.09150242634056609
1.1527369146899336,1.3797879846734362,0.08926163333044228
1.1733215024522539,1.3797879846734362,0.08697586255526384
1.1939060902145742,1.3797879846734362,0.08465329213895774
1.2144906779768943,1.3797879846734362,0.08230178109319011
1.2350752657392146,1.3797879846734362,0.07992885425543142
1.2556598535015349,1.3797879846734362,0.07754168987468507
1.276244441263855,1.3797879846734362,0.07514710973119984
1.2968290290261753,1.3797879846734362,0.07275157167093414
1.3174136167884956,1.3797879846734362,0.07036116443079617
1.3379982045508159,1.3797879846734362,0.06798160462676502
1.358582792313136,1.3797879846734362,0.06561823577390688
1.3791673800754563,1.3797879846734362,0.06327602920502964
1.3997519678377766,1.3797879846734362,0.06095958675325934
1.4203365556000966,1.3797879846734362,0.05867314506315132
1.440921143362417,1.3797879846734362,0.056420581395044876
1.4615057311247373,1.3797879846734362,0.05420542078819832
1.4820903188870576,1.3797879846734362,0.05203084444976643
1.5026749066493776,1.3797879846734362,0.04989969923886695
1.523259494411698,1.3797879846734362,0.047814508117775135
1.5438440821740183,1.3797879846734362,0.045777481445647236
1.5644286699363383,1.3797879846734362,0.04379052899404622
1.5850132576986586,1.3797879846734362,0.041855272567882025
1.605597845460979,1.3797879846734362,0.039973059120125054
1.6261824332232993,1.3797879846734362,0.03814497425375623
0.02911100318933253,0.9756574405623069,0.000815682806616721
0.05822200637866506,0.9756574405623069,0.0031382709335949052
0.08733300956799758,0.9756574405623069,0.006786984075336096
0.11644401275733011,0.9756574405623069,0.011588993872336313
0.14555501594666265,0.9756574405623069,0.017379520655235826
0.17466601913599517,0.9756574405623069,0.024001933430289054
0.2037770223253277,0.9756574405623069,0.03130784732520539
0.23288802551466023,0.9756574405623069,0.0391572130893114
0.2619990287039928,0.9756574405623069,0.04741839366767802
0.2911100318933253,0.9756574405623069,0.055968223339565526
0.3202210350826578,0.9756574405623069,0.06469204542081052
0.34933203827199033,0.9756574405623069,0.07348372507050863
0.37844304146132285,0.9756574405623069,0.0822456343069341
0.4075540446506554,0.9756574405623069,0.09088860691811756
0.43666504783998794,0.9756574405623069,0.09933186154073281
0.46577605102932046,0.9756574405623069,0.10750289176871718
0.494887054218653,0.9756574405623069,0.11533732273229898
0.5239980574079856,0.9756574405623069,0.12277873415101116
0.553109060597318,0.9756574405623069,0.12977845040342506
0.5822200637866506,0.9756574405623069,0.13629529866486928
0.611331066975983,0.9756574405623069,0.14229533663608077
0.6404420701653156,0.9756574405623069,0.1477515518150957
0.6695530733546482,0.9756574405623069,0.15264353464707842
0.6986640765439807,0.9756574405623069,0.15695712821845964
0.7277750797333132,0.9756574405623069,0.1606840574398894
0.7568860829226457,0.9756574405623069,0.16382154088524742
0.7859970861119783,0.9756574405623069,0.16637188862039246
0.8151080893013108,0.9756574405623069,0.1683420894655143
0.8442190924906433,0.9756574405623069,0.16974339118982232
0.8733300956799759,0.9756574405623069,0.17059087713867685
0.9024410988693083,0.9756574405623069,0.17090304274371731
0.9315521020586409,0.9756574405623069,0.1707013752693884
0.9606631052479735,0.9756574405623069,0.17000994000840677
0.989774108437306,0.9756574405623069,0.16885497595860458
1.0188851116266384,0.9756574405623069,0.16726450379906752
1.047996114815971,0.9756574405623069,0.16526794873973166
1.0771071180053036,0.9756574405623069,0.16289578055095852
1.106218121194636,0.9756574405623069,0.16017917279353774
1.1353291243839687,0.9756574405623069,0.1571496829705078
1.1644401275733012,0.9756574405623069,0.15383895501547157
1.1935511307626336,0.9756574405623069,0.15027844522286016
1.222662133951966,0.9756574405623069,0.14649917241872334
1.2517731371412988,0.9756574405623069,0.14253149287061562
1.2808841403306312,0.9756574405623069,0.13840490014611215
1.3099951435199637,0.9756574405623069,0.13414784985508532
1.3391061467092964,0.9756574405623069,0.1297876089542685
1.3682171498986289,0.9756574405623069,0.12535012905648177
1.3973281530879613,0.9756574405623069,0.12085994297332205
1.426439156277294,0.9756574405623069,0.11634008353074447
1.4555501594666265,0.9756574405623069,0.11181202353284996
1.484661162655959,0.9756574405623069,0.10729563561095967
1.5137721658452914,0.9756574405623069,0.10280917058280452
1.542883169034624,0.9756574405623069,0.09836925286007962
1.5719941722239565,0.9756574405623069,0.09399089138099548
1.601105175413289,0.9756574405623069,0.08968750450673507
1.6302161786026217,0.9756574405623069,0.08547095730553711
1.6593271817919542,0.9756574405623069,0.08135160965383814
1.6884381849812866,0.9756574405623069,0.07733837360870652
1.717549188170619,0.9756574405623069,0.07343877854770131
1.7466601913599518,0.9756574405623069,0.06965904262921091
1.7757711945492842,0.9756574405623069,0.06600414919612266
1.8048821977386167,0.9756574405623069,0.06247792682619321
1.8339932009279494,0.9756574405623069,0.059083131821595414
1.8631042041172818,0.9756574405623069,0.05582153202573788
1.8922152073066143,0.9756574405623069,0.052693990955611836
1.921326210495947,0.9756574405623069,0.04970055134075035
1.9504372136852794,0.9756574405623069,0.04684051726366536
1.979548216874612,0.9756574405623069,0.04411253419979078
2.0086592200639446,0.9756574405623069,0.04151466635610795
2.037770223253277,0.9756574405623069,0.03904447080553405
2.0668812264426095,0.9756574405623069,0.03669906800777377
2.095992229631942,0.9756574405623069,0.03447520839580276
2.1251032328212744,0.9756574405623069,0.03236933478977092
2.154214236010607,0.9756574405623069,0.03037764047636648
2.18332523919994,0.9756574405623069,0.028496122861198236
2.212436242389272,0.9756574405623069,0.026720632664314414
2.2415472455786047,0.9756574405623069,0.025046918684500773
2.2706582487679374,0.9756574405623069,0.02347066820652446
2.2997692519572697,0.9756574405623069,0.021987543167152394
0.033482407986401175,0.8482773065617293,0.0010788982162768302
0.06696481597280235,0.8482773065617293,0.004149237881655761
0.10044722395920352,0.8482773065617293,0.008967051624190646
0.1339296319456047,0.8482773065617293,0.015296340845112465
0.16741203993200587,0.8482773065617293,0.02290976748074653
0.20089444791840705,0.8482773065617293,0.03158933923831394
0.23437685590480822,0.8482773065617293,0.041127072922653454
0.2678592638912094,0.8482773065617293,0.05132562135353167
0.3013416718776106,0.8482773065617293,0.06199885047947041
0.33482407986401175,0.8482773065617293,0.07297235460088405
0.3683064878504129,0.8482773065617293,0.08408389909549181
0.4017888958368141,0.8482773065617293,0.09518378166161649
0.43527130382321527,0.8482773065617293,0.10613510482653905
0.46875371180961645,0.8482773065617293,0.116813954272131
0.5022361197960177,0.8482773065617293,0.12710947937215727
0.5357185277824188,0.8482773065617293,0.13692387417851765
0.56920093576882,0.8482773065617293,0.1461722589016943
0.6026833437552211,0.8482773065617293,0.15478246366991508
0.6361657517416224,0.8482773065617293,0.16269471799059973
0.6696481597280235,0.8482773065617293,0.16986125084825515
0.7031305677144247,0.8482773065617293,0.17624580773058554
0.7366129757008258,0.8482773065617293,0.18182309205884145
0.7700953836872271,0.8482773065617293,0.18657813949352925
0.8035777916736282,0.8482773065617293,0.19050563438147522
0.8370601996600294,0.8482773065617293,0.19360917819860873
0.8705426076464305,0.8482773065617293,0.19590052022319515
0.9040250156328318,0.8482773065617293,0.19739876084965832
0.9375074236192329,0.8482773065617293,0.19812953793093036
0.9709898316056341,0.8482773065617293,0.19812420632868394
1.0044722395920354,0.8482773065617293,0.1974190204704896
1.0379546475784365,0.8482773065617293,0.19605432917844764
1.0714370555648376,0.8482773065617293,0.19407379136501385
1.104919463551239,0.8482773065617293,0.19152362041012966
1.13840187153764,0.8482773065617293,0.18845186416201093
1.1718842795240412,0.8482773065617293,0.18490772656517365
1.2053666875104423,0.8482773065617293,0.1809409359364915
1.2388490954968436,0.8482773065617293,0.17660116390568206
1.2723315034832448,0.8482773065617293,0.17193749803186714
1.3058139114696459,0.8482773065617293,0.16699797012245832
1.339296319456047,0.8482773065617293,0.1618291413324242
1.3727787274424483,0.8482773065617293,0.15647574422662452
1.4062611354288495,0.8482773065617293,0.15098038115864484
1.4397435434152506,0.8482773065617293,0.14538327756720038
1.4732259514016517,0.8482773065617293,0.1397220881239328
1.506708359388053,0.8482773065617293,0.13403175309000404
1.5401907673744542,0.8482773065617293,0.12834440175655992
1.5736731753608553,0.8482773065617293,0.12268929945684202
1.6071555833472564,0.8482773065617293,0.11709283434431408
1.6406379913336577,0.8482773065617293,0.11157853992856483
1.6741203993200588,0.8482773065617293,0.10616714924425298
1.70760280730646,0.8482773065617293,0.10087667649186992
1.741085215292861,0.8482773065617293,0.0957225220254306
1.7745676232792624,0.8482773065617293,0.09071759666333809
1.8080500312656635,0.8482773065617293,0.08587246145603405
1.8415324392520647,0.8482773065617293,0.08119547924878652
1.8750148472384658,0.8482773065617293,0.07669297462114683
1.9084972552248671,0.8482773065617293,0.072369399057465
1.9419796632112682,0.8482773065617293,0.06822749849696258
1.9754620711976694,0.8482773065617293,0.06426848071929253
2.0089444791840707,0.8482773065617293,0.06049218033497239
2.0424268871704716,0.8482773065617293,0.05689721946297628
2.075909295156873,0.8482773065617293,0.05348116248432444
2.1093917031432743,0.8482773065617293,0.05024066355576413
2.142874111129675,0.8482773065617293,0.0471716058474579
2.1763565191160765,0.8482773065617293,0.044269231729720936
2.209838927102478,0.8482773065617293,0.04152826337377704
2.2433213350888788,0.8482773065617293,0.038943013448525216
2.27680374307528,0.8482773065617293,0.03650748578839421
2.310286151061681,0.8482773065617293,0.03421546607612679
2.3437685590480823,0.8482773065617293,0.032060602728935635
2.3772509670344837,0.8482773065617293,0.03003647829756277
2.4107333750208846,0.8482773065617293,0.028136671786381667
2.444215783007286,0.8482773065617293,0.026354812380175875
2.4776981909936873,0.8482773065617293,0.02468462512120278
2.511180598980088,0.8482773065617293,0.023119969120381695
2.5446630069664895,0.8482773065617293,0.021654868910812884
2.5781454149528904,0.8482773065617293,0.02028353956226161
2.6116278229392917,0.8482773065617293,0.019000406173657097
2.645110230925693,0.8482773065617293,0.01780011834893748
0.018844203352755457,1.5072203548340632,0.0003418772810647901
0.037688406705510914,1.5072203548340632,0.0013163326018811557
0.056532610058266375,1.5072203548340632,0.0028503710370410217
0.07537681341102183,1.5072203548340632,0.004875813332910699
0.09422101676377728,1.5072203548340632,0.00732904521879297
0.11306522011653275,1.5072203548340632,0.010150781168985662
0.1319094234692882,1.5072203548340632,0.013285841588567238
0.15075362682204366,1.5072203548340632,0.016682942460710993
0.16959783017479912,1.5072203548340632,0.020294496555425562
0.18844203352755456,1.5072203548340632,0.024076425358959916
0.20728623688031003,1.5072203548340632,0.02798798093980242
0.2261304402330655,1.5072203548340632,0.03199157702134215
0.24497464358582094,1.5072203548340632,0.036052628582933705
0.2638188469385764,1.5072203548340632,0.040139399360390626
0.2826630502913319,1.5072203548340632,0.04422285666389865
0.3015072536440873,1.5072203548340632,0.04827653297605123
0.32035145699684275,1.5072203548340632,0.052276393835223096
0.33919566034959825,1.5072203548340632,0.05620071154986728
0.3580398637023537,1.5072203548340632,0.06002994432759342
0.37688406705510913,1.5072203548340632,0.06374662043910884
0.3957282704078646,1.5072203548340632,0.06733522707131764
0.41457247376062006,1.5072203548340632,0.07078210355612281
0.4334166771133755,1.5072203548340632,0.07407533869179792
0.452260880466131,1.5072203548340632,0.07720467190223024
0.47110508381888644,1.5072203548340632,0.080161398005925
0.4899492871716419,1.5072203548340632,0.08293827539144116
0.5087934905243974,1.5072203548340632,0.08552943741894119
0.5276376938771528,1.5072203548340632,0.08793030688882723
0.5464818972299083,1.5072203548340632,0.0901375134380436
0.5653261005826637,1.5072203548340632,0.09214881374259555
0.5841703039354191,1.5072203548340632,0.09396301442121967
0.6030145072881746,1.5072203548340632,0.09557989754998399
0.6218587106409301,1.5072203548340632,0.09700014871095296
0.6407029139936855,1.5072203548340632,0.09822528750997567
0.659547117346441,1.5072203548340632,0.0992576005092018
0.6783913206991965,1.5072203548340632,0.10010007652915552
0.6972355240519519,1.5072203548340632,0.10075634428316504
0.7160797274047074,1.5072203548340632,0.10123061231371581
0.7349239307574629,1.5072203548340632,0.10152761120593272
0.7537681341102183,1.5072203548340632,0.10165253805796517
0.7726123374629738,1.5072203548340632,0.10161100319161802
0.7914565408157292,1.5072203548340632,0.10140897908920328
0.8103007441684846,1.5072203548340632,0.10105275154435973
0.8291449475212401,1.5072203548340632,0.10054887301555636
0.8479891508739956,1.5072203548340632,0.09990411817124185
0.866833354226751,1.5072203548340632,0.09912544161518679
0.8856775575795065,1.5072203548340632,0.09821993777956016
0.904521760932262,1.5072203548340632,0.09719480297175077
0.9233659642850174,1.5072203548340632,0.09605729955895889
0.9422101676377729,1.5072203548340632,0.09481472227220292
0.9610543709905284,1.5072203548340632,0.09347436660867718
0.9798985743432838,1.5072203548340632,0.09204349930841846
0.9987427776960393,1.5072203548340632,0.09052933087805219
1.0175869810487947,1.5072203548340632,0.08893899013104754
1.0364311844015501,1.5072203548340632,0.08727950071046991
1.0552753877543055,1.5072203548340632,0.08555775955672816
1.0741195911070611,1.5072203548340632,0.08378051727932322
1.0929637944598165,1.5072203548340632,0.08195436038815249
1.111807997812572,1.5072203548340632,0.08008569533656008
1.1306522011653275,1.5072203548340632,0.07818073432507543
1.1494964045180829,1.5072203548340632,0.07624548281169194
1.1683406078708383,1.5072203548340632,0.07428572867163115
1.1871848112235939,1.5072203548340632,0.07230703294684193
1.2060290145763493,1.5072203548340632,0.0703147221230251
1.2248732179291046,1.5072203548340632,0.0683138818697662
1.2437174212818602,1.5072203548340632,0.06630935217742429
1.2625616246346156,1.5072203548340632,0.06430572382277167
1.281405827987371,1.5072203548340632,0.06230733609401723
1.3002500313401266,1.5072203548340632,0.0603182757047857
1.319094234692882,1.5072203548340632,0.058342376825862886
1.3379384380456374,1.5072203548340632,0.05638322216305787
1.356782641398393,1.5072203548340632,0.05444414500937499
1.3756268447511484,1.5072203548340632,0.05252823219982109
1.3944710481039038,1.5072203548340632,0.050638327897596015
1.4133152514566594,1.5072203548340632,0.04877703814111443
1.4321594548094148,1.5072203548340632,0.046946736082270464
1.4510036581621701,1.5072203548340632,0.045149567847577066
1.4698478615149257,1.5072203548340632,0.043387458955266966
1.4886920648676811,1.5072203548340632,0.04166212122312397
0.026649727953583315,1.0657657336455606,0.000683632260231822
0.05329945590716663,1.0657657336455606,0.002630768360320687
0.07994918386074995,1.0657657336455606,0.0056914389814099785
0.10659891181433326,1.0657657336455606,0.009723158333912303
0.13324863976791657,1.0657657336455606,0.014590835030371197
0.1598983677214999,1.0657657336455606,0.02016669109772437
0.1865480956750832,1.0657657336455606,0.026330185792246632
0.21319782362866652,1.0657657336455606,0.032967941108490294
0.23984755158224982,1.0657657336455606,0.0399736661190727
0.26649727953583313,1.0657657336455606,0.04724807754294573
0.29314700748941647,1.0657657336455606,0.05469881421332375
0.3197967354429998,1.0657657336455606,0.062240343400030325
0.3464464633965831,1.0657657336455606,0.06979385723177194
0.3730961913501664,1.0657657336455606,0.07728715775876034
0.39974591930374975,1.0657657336455606,0.08465452949211999
0.42639564725733303,1.0657657336455606,0.09183659855055698
0.45304537521091637,1.0657657336455606,0.0987801778337834
0.47969510316449965,1.0657657336455606,0.10543809792323128
0.506344831118083,1.0657657336455606,0.11176902368082287
0.5329945590716663,1.0657657336455606,0.11773725677333552
0.5596442870252496,1.0657657336455606,0.12331252459077051
0.5862940149788329,1.0657657336455606,0.12846975624991486
0.6129437429324163,1.0657657336455606,0.13318884657705643
0.6395934708859996,1.0657657336455606,0.13745440914497178
0.6662431988395828,1.0657657336455606,0.1412555195975535
0.6928929267931662,1.0657657336455606,0.14458545062983044
0.7195426547467495,1.0657657336455606,0.14744140010103782
0.7461923827003328,1.0657657336455606,0.1498242138435377
0.7728421106539162,1.0657657336455606,0.15173810479083266
0.7994918386074995,1.0657657336455606,0.15319037008403288
0.8261415665610827,1.0657657336455606,0.15419110782862364
0.8527912945146661,1.0657657336455606,0.15475293516320407
0.8794410224682494,1.0657657336455606,0.15489070927027337
0.9060907504218327,1.0657657336455606,0.1546212529075962
0.9327404783754161,1.0657657336455606,0.15396308596885813
0.9593902063289993,1.0657657336455606,0.15293616449607325
0.9860399342825826,1.0657657336455606,0.1515616284655087
1.012689662236166,1.0657657336455606,0.14986155955582114
1.0393393901897492,1.0657657336455606,0.14785874998381032
1.0659891181433325,1.0657657336455606,0.1455764833618481
1.0926388460969159,1.0657657336455606,0.14303832839381983
1.1192885740504992,1.0657657336455606,0.14026794608543663
1.1459383020040825,1.0657657336455606,0.13728891100212015
1.1725880299576659,1.0657657336455606,0.13412454696528978
1.1992377579112492,1.0657657336455606,0.13079777743765278
1.2258874858648325,1.0657657336455606,0.12733099071172235
1.2525372138184159,1.0657657336455606,0.12374591988482422
1.2791869417719992,1.0657657336455606,0.12006353747968641
1.3058366697255825,1.0657657336455606,0.11630396445353881
1.3324863976791657,1.0657657336455606,0.11248639323149782
1.359136125632749,1.0657657336455606,0.10862902430269797
1.3857858535863323,1.0657657336455606,0.10474901583079005
1.4124355815399157,1.0657657336455606,0.10086244565449255
1.439085309493499,1.0657657336455606,0.09698428498912588
1.4657350374470823,1.0657657336455606,0.09312838308655728
1.4923847654006657,1.0657657336455606,0.08930746206866345
1.519034493354249,1.0657657336455606,0.08553312111804903
1.5456842213078323,1.0657657336455606,0.08181584918897929
1.5723339492614157,1.0657657336455606,0.07816504539080674
1.598983677214999,1.0657657336455606,0.07458904619500722
1.6256334051685821,1.0657657336455606,0.07109515862461568
1.6522831331221655,1.0657657336455606,0.0676896986006125
1.6789328610757488,1.0657657336455606,0.06437803364286641
1.7055825890293321,1.0657657336455606,0.06116462915273989
1.7322323169829155,1.0657657336455606,0.058053097539559416
1.7588820449364988,1.0657657336455606,0.05504624949296951
1.7855317728900821,1.0657657336455606,0.05214614674687189
1.8121815008436655,1.0657657336455606,0.0493541557273558
1.8388312287972488,1.0657657336455606,0.04667100152594186
1.8654809567508321,1.0657657336455606,0.04409682168981872
1.8921306847044155,1.0657657336455606,0.04163121937182433
1.9187804126579986,1.0657657336455606,0.03927331543404486
1.945430140611582,1.0657657336455606,0.03702179914946064
1.9720798685651653,1.0657657336455606,0.03487497719551634
1.9987295965187486,1.0657657336455606,0.032830820681347496
2.025379324472332,1.0657657336455606,0.03088700999624483
2.0520290524259153,1.0657657336455606,0.029040977310430018
2.0786787803794984,1.0657657336455606,0.02728994660006955
2.105328508333082,1.0657657336455606,0.025630971106445164
0.030651539497458857,0.9266212180389831,0.000904256018598832
0.061303078994917715,0.9266212180389831,0.0034785603159828834
0.09195461849237657,0.9266212180389831,0.007521133013940947
0.12260615798983543,0.9266212180389831,0.012838287347034157
0.1532576974872943,0.9266212180389831,0.019244692403492705
0.18390923698475314,0.9266212180389831,0.02656363565261293
0.214560776482212,0.9266212180389831,0.03462727705272378
0.24521231597967086,0.9266212180389831,0.0432768870442925
0.2758638554771297,0.9266212180389831,0.052363061332442035
0.3065153949745886,0.9266212180389831,0.061745906042488106
0.33716693447204743,0.9266212180389831,0.0712951875800358
0.3678184739695063,0.9266212180389831,0.08089044233144935
0.39847001346696515,0.9266212180389831,0.09042104218791955
0.429121552964424,0.9266212180389831,0.09978621275303848
0.45977309246188286,0.9266212180389831,0.1088950019855243
0.4904246319593417,0.9266212180389831,0.11766619792123455
0.5210761714568005,0.9266212180389831,0.12602819499781337
0.5517277109542594,0.9266212180389831,0.1339188093577043
0.5823792504517182,0.9266212180389831,0.14128504431808095
0.6130307899491771,0.9266212180389831,0.14808280795778295
0.643682329446636,0.9266212180389831,0.15427658547111456
0.6743338689440949,0.9266212180389831,0.1598390695673112
0.7049854084415537,0.9266212180389831,0.16475075274509274
0.7356369479390126,0.9266212180389831,0.16899948573817983
0.7662884874364714,0.9266212180389831,0.1725800068058145
0.7969400269339303,0.9266212180389831,0.1754934468298493
0.8275915664313891,0.9266212180389831,0.17774681537619716
0.858243105928848,0.9266212180389831,0.179352472984403
0.8888946454263068,0.9266212180389831,0.18032759496742656
0.9195461849237657,0.9266212180389831,0.18069363193848723
0.9501977244212245,0.9266212180389831,0.1804757721384154
0.9808492639186834,0.9266212180389831,0.1797024104219127
1.0115008034161423,0.9266212180389831,0.17840462848195118
1.042152342913601,0.9266212180389831,0.1766156905564903
1.07280388241106,0.9266212180389831,0.17437055847958008
1.1034554219085189,0.9266212180389831,0.1717054295189087
1.1341069614059778,0.9266212180389831,0.16865729999325946
1.1647585009034365,0.9266212180389831,0.16526355719542815
1.1954100404008954,0.9266212180389831,0.16156160166796046
1.2260615798983543,0.9266212180389831,0.1575885013992407
1.2567131193958132,0.9266212180389831,0.15338067903411148
1.287364658893272,0.9266212180389831,0.1489736327337651
1.3180161983907308,0.9266212180389831,0.14440169088079907
1.3486677378881897,0.9266212180389831,0.13969780041289803
1.3793192773856486,0.9266212180389831,0.13489334818751447
1.4099708168831073,0.9266212180389831,0.13001801443416522
1.4406223563805662,0.9266212180389831,0.12509965704358625
1.4712738958780252,0.9266212180389831,0.12016422517610997
1.501925435375484,0.9266212180389831,0.11523570044645863
1.5325769748729428,0.9266212180389831,0.11033606375905433
1.5632285143704017,0.9266212180389831,0.10548528572648531
1.5938800538678606,0.9266212180389831,0.10070133850281118
1.6245315933653193,0.9266212180389831,0.09600022680113941
1.6551831328627782,0.9266212180389831,0.0913960358390508
1.685834672360237,0.9266212180389831,0.08690099396321387
1.716486211857696,0.9266212180389831,0.0825255477427801
1.7471377513551547,0.9266212180389831,0.07827844738650741
1.7777892908526136,0.9266212180389831,0.07416684042746065
1.8084408303500725,0.9266212180389831,0.07019637172794176
1.8390923698475314,0.9266212180389831,0.06637128798236733
1.8697439093449901,0.9266212180389831,0.0626945450335577
1.900395448842449,0.9266212180389831,0.059167916464885444
1.931046988339908,0.9266212180389831,0.05579210208369315
1.9616985278373669,0.9266212180389831,0.052566835067296966
1.9923500673348256,0.9266212180389831,0.0494909866989854
2.0230016068322847,0.9266212180389831,0.04656266777522213
2.053653146329743,0.9266212180389831,0.04377932591460801
2.084304685827202,0.9266212180389831,0.041137838142194856
2.114956225324661,0.9266212180389831,0.03863459825794939
2.14560776482212,0.9266212180389831,0.036265598624306526
2.176259304319579,0.9266212180389831,0.034026506123919276
2.2069108438170377,0.9266212180389831,0.031912732144255405
2.2375623833144966,0.9266212180389831,0.029919496540240016
2.2682139228119556,0.9266212180389831,0.028041885609552834
2.298865462309414,0.9266212180389831,0.0262749041875321
2.329517001806873,0.9266212180389831,0.02461352203016704
2.360168541304332,0.9266212180389831,0.023052714704793607
2.3908200808017908,0.9266212180389831,0.02158749924937599
2.4214716202992497,0.9266212180389831,0.02021296489331136
0.017412441255718187,1.6311536358853806,0.0002919075734699347
0.034824882511436374,1.6311536358853806,0.0011240229207031293
0.052237323767154564,1.6311536358853806,0.0024342707572801974
0.06964976502287275,1.6311536358853806,0.004164822967093956
0.08706220627859095,1.6311536358853806,0.006261860300066073
0.10447464753430913,1.6311536358853806,0.008675348072504143
0.12188708879002731,1.6311536358853806,0.011358824950416463
0.1392995300457455,1.6311536358853806,0.014269203952776985
0.1567119713014637,1.6311536358853806,0.017366584865495426
0.1741244125571819,1.6311536358853806,0.020614077307843707
0.19153685381290006,1.6311536358853806,0.023977633741457217
0.20894929506861826,1.6311536358853806,0.027425891757895185
0.22636173632433645,1.6311536358853806,0.030930025024226582
0.24377417758005462,1.6311536358853806,0.03446360230731851
0.2611866188357728,1.6311536358853806,0.03800245403654446
0.278599060091491,1.6311536358853806,0.04152454590159709
0.2960115013472092,1.6311536358853806,0.04500985901707452
0.3134239426029274,1.6311536358853806,0.0484402762185946
0.33083638385864556,1.6311536358853806,0.0517994740864561
0.3482488251143638,1.6311536358853806,0.05507282032238636
0.36566126637008195,1.6311536358853806,0.05824727613275845
0.3830737076258001,1.6311536358853806,0.061311303297896545
0.40048614888151834,1.6311536358853806,0.06425477563177666
0.4178985901372365,1.6311536358853806,0.0670688945596331
0.4353110313929547,1.6311536358853806,0.06974610856275432
0.4527234726486729,1.6311536358853806,0.07228003626015135
0.4701359139043911,1.6311536358853806,0.07466539291586081
0.48754835516010925,1.6311536358853806,0.07689792017845234
0.5049607964158275,1.6311536358853806,0.07897431887589779
0.5223732376715456,1.6311536358853806,0.080892184704375
0.5397856789272638,1.6311536358853806,0.0826499466638685
0.557198120182982,1.6311536358853806,0.08424680810664013
0.5746105614387003,1.6311536358853806,0.08568269027681884
0.5920230026944184,1.6311536358853806,0.08695817823054604
0.6094354439501366,1.6311536358853806,0.0880744690363547
0.6268478852058548,1.6311536358853806,0.08903332216479787
0.6442603264615729,1.6311536358853806,0.08983701198482501
0.6616727677172911,1.6311536358853806,0.09048828229206413
0.6790852089730094,1.6311536358853806,0.0909903028010584
0.6964976502287276,1.6311536358853806,0.09134662753965941
0.7139100914844457,1.6311536358853806,0.09156115508924229
0.7313225327401639,1.6311536358853806,0.09163809061921901
0.7487349739958821,1.6311536358853806,0.0915819096685271
0.7661474152516002,1.6311536358853806,0.09139732363039965
0.7835598565073185,1.6311536358853806,0.09108924689981923
0.8009722977630367,1.6311536358853806,0.09066276564566265
0.8183847390187549,1.6311536358853806,0.0901231081716905
0.835797180274473,1.6311536358853806,0.08947561683226526
0.8532096215301912,1.6311536358853806,0.08872572147003045
0.8706220627859094,1.6311536358853806,0.08787891434378162
0.8880345040416276,1.6311536358853806,0.08694072651545216
0.9054469452973458,1.6311536358853806,0.08591670566554506
0.922859386553064,1.6311536358853806,0.08481239530650658
0.9402718278087822,1.6311536358853806,0.08363331536348821
0.9576842690645003,1.6311536358853806,0.08238494409170646
0.9750967103202185,1.6311536358853806,0.08107270129921929
0.9925091515759368,1.6311536358853806,0.07970193284341723
1.009921592831655,1.6311536358853806,0.07827789636890374
1.0273340340873731,1.6311536358853806,0.07680574825373804
1.0447464753430913,1.6311536358853806,0.07529053173025636
1.0621589165988095,1.6311536358853806,0.07373716614589712
1.0795713578545276,1.6311536358853806,0.07215043732865076
1.0969837991102458,1.6311536358853806,0.07053498902095567
1.114396240365964,1.6311536358853806,0.06889531534508307
1.1318086816216821,1.6311536358853806,0.0672357542623127
1.1492211228774005,1.6311536358853806,0.06556048198751109
1.1666335641331187,1.6311536358853806,0.06387350832009625
1.1840460053888369,1.6311536358853806,0.06217867285181978
1.201458446644555,1.6311536358853806,0.060479642011326294
1.2188708879002732,1.6311536358853806,0.05877990690507086
1.2362833291559914,1.6311536358853806,0.05708278191389308
1.2536957704117095,1.6311536358853806,0.05539140400436645
1.2711082116674277,1.6311536358853806,0.05370873271396806
1.2885206529231459,1.6311536358853806,0.05203755076914911
1.305933094178864,1.6311536358853806,0.05038046529553222
1.3233455354345822,1.6311536358853806,0.04873990957971635
1.3407579766903004,1.6311536358853806,0.04711814534253674
1.3581704179460188,1.6311536358853806,0.04551726548409917
1.375582859201737,1.6311536358853806,0.04393919726148696
0.024624910577861463,1.1533997970916454,0.0005837259842082452
0.04924982115572293,1.1533997970916454,0.002246662752959208
0.0738747317335844,1.1533997970916454,0.004861756351248656
0.09849964231144585,1.1533997970916454,0.008308874993228894
0.12312455288930732,1.1533997970916454,0.012474626452269853
0.1477494634671688,1.1533997970916454,0.017252186702788375
0.17237437404503025,1.1533997970916454,0.02254113760538256
0.1969992846228917,1.1533997970916454,0.028247311580326867
0.2216241952007532,1.1533997970916454,0.03428264137317543
0.24624910577861464,1.1533997970916454,0.04056501317919159
0.2708740163564761,1.1533997970916454,0.04701812155957684
0.2954989269343376,1.1533997970916454,0.05357132475093755
0.320123837512199,1.1533997970916454,0.06015949913896513
0.3447487480900605,1.1533997970916454,0.06672289183673166
0.369373658667922,1.1533997970916454,0.07320697047610855
0.3939985692457834,1.1533997970916454,0.07956226948638591
0.4186234798236449,1.1533997970916454,0.08574423229599815
0.4432483904015064,1.1533997970916454,0.09171304905017179
0.4678733009793678,1.1533997970916454,0.09743348958817517
0.4924982115572293,1.1533997970916454,0.10287473156760034
0.5171231221350907,1.1533997970916454,0.10801018375875121
0.5417480327129522,1.1533997970916454,0.11281730465885689
0.5663729432908137,1.1533997970916454,0.1172774166926679
0.5909978538686752,1.1533997970916454,0.12137551637235104
0.6156227644465366,1.1533997970916454,0.1251000808848988
0.640247675024398,1.1533997970916454,0.12844287165908197
0.6648725856022596,1.1533997970916454,0.13139873553598116
0.689497496180121,1.1533997970916454,0.13396540422715836
0.7141224067579824,1.1533997970916454,0.13614329279252568
0.738747317335844,1.1533997970916454,0.13793529790601514
0.7633722279137054,1.1533997970916454,0.13934659670145597
0.7879971384915668,1.1533997970916454,0.14038444700395372
0.8126220490694284,1.1533997970916454,0.14105798975397243
0.8372469596472898,1.1533997970916454,0.14137805442279056
0.8618718702251512,1.1533997970916454,0.14135696819966978
0.8864967808030128,1.1533997970916454,0.1410083697036578
0.9111216913808742,1.1533997970916454,0.1403470279372343
0.9357466019587356,1.1533997970916454,0.13938866715584652
0.9603715125365971,1.1533997970916454,0.13814979827766694
0.9849964231144586,1.1533997970916454,0.1366475574025575
1.00962133369232,1.1533997970916454,0.13489955194919748
1.0342462442701814,1.1533997970916454,0.1329237148555735
1.058871154848043,1.1533997970916454,0.13073816722148904
1.0834960654259045,1.1533997970916454,0.12836108970336008
1.1081209760037658,1.1533997970916454,0.12581060290222654
1.1327458865816273,1.1533997970916454,0.1231046569164907
1.1573707971594889,1.1533997970916454,0.12026093016221533
1.1819957077373504,1.1533997970916454,0.11729673749663785
1.2066206183152117,1.1533997970916454,0.11422894761558759
1.2312455288930733,1.1533997970916454,0.11107390963336664
1.2558704394709348,1.1533997970916454,0.10784738869493175
1.280495350048796,1.1533997970916454,0.10456451041539043
1.3051202606266576,1.1533997970916454,0.10123971389130416
1.3297451712045192,1.1533997970916454,0.0978867129824198
1.3543700817823805,1.1533997970916454,0.09451846552147167
1.378994992360242,1.1533997970916454,0.09114715007380919
1.4036199029381036,1.1533997970916454,0.0877841498379033
1.4282448135159649,1.1533997970916454,0.08444004325231554
1.4528697240938264,1.1533997970916454,0.08112460085444727
1.477494634671688,1.1533997970916454,0.07784678792123344
1.5021195452495493,1.1533997970916454,0.07461477241175953
1.5267444558274108,1.1533997970916454,0.07143593772637033
1.5513693664052723,1.1533997970916454,0.0683168997959587
1.5759942769831337,1.1533997970916454,0.06526352801849826
1.6006191875609952,1.1533997970916454,0.06228096956720362
1.6252440981388567,1.1533997970916454,0.05937367660562916
1.649869008716718,1.1533997970916454,0.056545435959197074
1.6744939192945796,1.1533997970916454,0.05379940080971042
1.6991188298724411,1.1533997970916454,0.05113812399897918
1.7237437404503024,1.1533997970916454,0.048563592549388815
1.748368651028164,1.1533997970916454,0.046077263032697865
1.7729935616060255,1.1533997970916454,0.043680097443193795
1.7976184721838868,1.1533997970916454,0.04137259925721054
1.8222433827617484,1.1533997970916454,0.03915484938757542
1.84686829333961,1.1533997970916454,0.03702654176848688
1.8714932039174712,1.1533997970916454,0.034987018333325445
1.8961181144953327,1.1533997970916454,0.03303530317469307
1.9207430250731943,1.1533997970916454,0.031170135702309264
1.9453679356510556,1.1533997970916454,0.029390002640035755
0.02832266882849076,1.0028139309857125,0.0007721207395859641
0.05664533765698152,1.0028139309857125,0.002970874753047896
0.08496800648547229,1.0028139309857125,0.006425711682461369
0.11329067531396304,1.0028139309857125,0.010973912843110825
0.1416133441424538,1.0028139309857125,0.016460618626388732
0.16993601297094457,1.0028139309857125,0.02273886081960109
0.19825868179943532,1.0028139309857125,0.0296695950081169
0.2265813506279261,1.0028139309857125,0.037121728545024546
0.25490401945641683,1.0028139309857125,0.04497213993020984
0.2832266882849076,1.0028139309857125,0.053105685830271816
0.3115493571133984,1.0028139309857125,0.06141519238811086
0.33987202594188914,1.0028139309857125,0.06980142791107008
0.3681946947703799,1.0028139309857125,0.07817305448353377
0.39651736359887063,1.0028139309857125,0.08644655651798962
0.4248400324273614,1.0028139309857125,0.09454614473169994
0.4531627012558522,1.0028139309857125,0.10240363450823414
0.48148537008434295,1.0028139309857125,0.10995829806819661
0.5098080389128337,1.0028139309857125,0.11715669032573903
0.5381307077413244,1.0028139309857125,0.12395244874134835
0.5664533765698152,1.0028139309857125,0.1303060678918163
0.594776045398306,1.0028139309857125,0.13618464986053466
0.6230987142267967,1.0028139309857125,0.14156163190117677
0.6514213830552875,1.0028139309857125,0.14641649314186264
0.6797440518837783,1.0028139309857125,0.15073444237214317
0.7080667207122691,1.0028139309857125,0.15450608918933162
0.7363893895407598,1.0028139309857125,0.15772710097230783
0.7647120583692506,1.0028139309857125,0.16039784829906137
0.7930347271977413,1.0028139309857125,0.16252304152875816
0.821357396026232,1.0028139309857125,0.16411136133051524
0.8496800648547228,1.0028139309857125,0.16517508596048677
0.8780027336832136,1.0028139309857125,0.16572971806803183
0.9063254025117043,1.0028139309857125,0.16579361375292534
0.9346480713401951,1.0028139309857125,0.16538761650153647
0.9629707401686859,1.0028139309857125,0.16453469850379865
0.9912934089971767,1.0028139309857125,0.16325961169813583
1.0196160778256673,1.0028139309857125,0.16158855071205508
1.047938746654158,1.0028139309857125,0.1595488296658289
1.0762614154826489,1.0028139309857125,0.15716857458963177
1.1045840843111396,1.0028139309857125,0.1544764329747777
1.1329067531396304,1.0028139309857125,0.15150130174138945
1.1612294219681212,1.0028139309857125,0.1482720746618964
1.189552090796612,1.0028139309857125,0.14481741003599966
1.2178747596251027,1.0028139309857125,0.1411655191717581
1.2461974284535935,1.0028139309857125,0.13734397599255246
1.2745200972820843,1.0028139309857125,0.13337954786389508
1.302842766110575,1.0028139309857125,0.12929804752004526
1.3311654349390658,1.0028139309857125,0.12512420577048627
1.3594881037675566,1.0028139309857125,0.12088156448244922
1.3878107725960473,1.0028139309857125,0.11659238916939738
1.4161334414245381,1.0028139309857125,0.11227760036787306
1.444456110253029,1.0028139309857125,0.10795672285715575
1.4727787790815197,1.0028139309857125,0.10364785166821394
1.5011014479100104,1.0028139309857125,0.0993676337405373
1.5294241167385012,1.0028139309857125,0.09513126401738273
1.557746785566992,1.0028139309857125,0.09095249472122048
1.5860694543954825,1.0028139309857125,0.08684365652095492
1.6143921232239733,1.0028139309857125,0.0828156902897914
1.642714792052464,1.0028139309857125,0.07887818815624047
1.6710374608809548,1.0028139309857125,0.07503944256932
1.6993601297094456,1.0028139309857125,0.0713065021310765
1.7276827985379364,1.0028139309857125,0.06768523299352708
1.7560054673664272,1.0028139309857125,0.06418038467142183
1.784328136194918,1.0028139309857125,0.06079565918521345
1.8126508050234087,1.0028139309857125,0.05753378251867882
1.8409734738518995,1.0028139309857125,0.05439657745118894
1.8692961426803902,1.0028139309857125,0.05138503690414784
1.897618811508881,1.0028139309857125,0.04849939702317816
1.9259414803373718,1.0028139309857125,0.04573920930088105
1.9542641491658626,1.0028139309857125,0.04310341112820506
1.9825868179943533,1.0028139309857125,0.04059039424451434
2.010909486822844,1.0028139309857125,0.03819807063636173
2.0392321556513346,1.0028139309857125,0.03592393551189546
2.0675548244798256,1.0028139309857125,0.03376512705103518
2.095877493308316,1.0028139309857125,0.031718482700450495
2.124200162136807,1.0028139309857125,0.029780591846498318
2.1525228309652977,1.0028139309857125,0.027947844758280212
2.1808454997937887,1.0028139309857125,0.026216477746630912
2.2091681686222793,1.0028139309857125,0.024582614533027684
2.2374908374507703,1.0028139309857125,0.023042303865076014
0.016211199500327036,1.7520213025157299,0.0002530260127571599
0.03242239900065407,1.7520213025157299,0.000974365165752791
0.04863359850098111,1.7520213025157299,0.00211037951120107
0.06484479800130814,1.7520213025157299,0.00361120406678841
0.08105599750163518,1.7520213025157299,0.00543052412376472
0.09726719700196222,1.7520213025157299,0.0075253658737608085
0.11347839650228926,1.7520213025157299,0.009855899511236114
0.1296895960026163,1.7520213025157299,0.012385254019668964
0.14590079550294333,1.7520213025157299,0.015079342897998624
0.16211199500327036,1.7520213025157299,0.017906700129566272
0.1783231945035974,1.7520213025157299,0.020838325739024978
0.19453439400392444,1.7520213025157299,0.02384754032352993
0.21074559350425148,1.7520213025157299,0.026909847983106566
0.22695679300457852,1.7520213025157299,0.03000280711154379
0.24316799250490556,1.7520213025157299,0.033105908543583175
0.2593791920052326,1.7520213025157299,0.03620046058667779
0.27559039150555964,1.7520213025157299,0.03926948049627344
0.29180159100588665,1.7520213025157299,0.04229759198251372
0.3080127905062137,1.7520213025157299,0.04527092836357474
0.32422399000654073,1.7520213025157299,0.048177041006577
0.3404351895068678,1.7520213025157299,0.05100481272127958
0.3566463890071948,1.7520213025157299,0.05374437579460489
0.3728575885075218,1.7520213025157299,0.05638703437554394
0.3890687880078489,1.7520213025157299,0.05892519094021292
0.4052799875081759,1.7520213025157299,0.061352276585836495
0.42149118700850297,1.7520213025157299,0.06366268492027868
0.43770238650883,1.7520213025157299,0.06585170933048365
0.45391358600915704,1.7520213025157299,0.06791548342888006
0.47012478550948406,1.7520213025157299,0.06985092449149201
0.4863359850098111,1.7520213025157299,0.07165567971523806
0.5025471845101381,1.7520213025157299,0.07332807513472848
0.5187583840104651,1.7520213025157299,0.07486706705083904
0.5349695835107923,1.7520213025157299,0.07627219583448418
0.5511807830111193,1.7520213025157299,0.07754354197937705
0.5673919825114463,1.7520213025157299,0.07868168428718564
0.5836031820117733,1.7520213025157299,0.07968766007741054
0.5998143815121003,1.7520213025157299,0.08056292732255858
0.6160255810124274,1.7520213025157299,0.08130932861679749
0.6322367805127544,1.7520213025157299,0.08192905689329025
0.6484479800130815,1.7520213025157299,0.08242462281185033
0.6646591795134085,1.7520213025157299,0.08279882374446429
0.6808703790137356,1.7520213025157299,0.08305471429162717
0.6970815785140626,1.7520213025157299,0.08319557826735749
0.7132927780143896,1.7520213025157299,0.08322490209522924
0.7295039775147166,1.7520213025157299,0.08314634956180983
0.7457151770150436,1.7520213025157299,0.08296373787754609
0.7619263765153708,1.7520213025157299,0.08268101499842832
0.7781375760156978,1.7520213025157299,0.08230223816470279
0.7943487755160248,1.7520213025157299,0.08183155361552572
0.8105599750163518,1.7520213025157299,0.08127317744077739
0.8267711745166789,1.7520213025157299,0.08063137753330635
0.8429823740170059,1.7520213025157299,0.07991045660667348
0.8591935735173329,1.7520213025157299,0.07911473624503483
0.87540477301766,1.7520213025157299,0.07824854195315846
0.8916159725179871,1.7520213025157299,0.07731618917573842
0.9078271720183141,1.7520213025157299,0.0763219702561614
0.9240383715186411,1.7520213025157299,0.07527014230571945
0.9402495710189681,1.7520213025157299,0.0741649159549633
0.9564607705192951,1.7520213025157299,0.07301044495946772
0.9726719700196222,1.7520213025157299,0.07181081663275182
0.9888831695199493,1.7520213025157299,0.07057004307947684
1.0050943690202763,1.7520213025157299,0.06929205320234233
1.0213055685206034,1.7520213025157299,0.06798068545633874
1.0375167680209303,1.7520213025157299,0.06663968132419301
1.0537279675212574,1.7520213025157299,0.06527267948698302
1.0699391670215845,1.7520213025157299,0.063883210664003
1.0861503665219114,1.7520213025157299,0.062474693096045114
1.1023615660222386,1.7520213025157299,0.06105042864633243
1.1185727655225655,1.7520213025157299,0.05961359949340396
1.1347839650228926,1.7520213025157299,0.058167265390316636
1.1509951645232197,1.7520213025157299,0.056714361464605303
1.1672063640235466,1.7520213025157299,0.05525769653352871
1.1834175635238737,1.7520213025157299,0.053799951909238655
1.1996287630242006,1.7520213025157299,0.05234368066863933
1.2158399625245278,1.7520213025157299,0.050891307362864
1.2320511620248549,1.7520213025157299,0.04944512814148532
1.2482623615251818,1.7520213025157299,0.048007311266798296
1.264473561025509,1.7520213025157299,0.046579897993773364
1.2806847605258358,1.7520213025157299,0.045164803791572276
0.02292609819569844,1.2388661437921602,0.0005059850335170283
0.04585219639139688,1.2388661437921602,0.001947691027368197
0.06877829458709532,1.2388661437921602,0.0042156593521124955
0.09170439278279376,1.2388661437921602,0.0072067923634729775
0.11463049097849219,1.2388661437921602,0.010824125064258746
0.13755658917419064,1.2388661437921602,0.014976609848818604
0.16048268736988908,1.2388661437921602,0.01957891268421478
0.1834087855655875,1.2388661437921602,0.024551219195530844
0.20633488376128595,1.2388661437921602,0.029819049236254423
0.22926098195698438,1.2388661437921602,0.03531307863817764
0.2521870801526828,1.2388661437921602,0.040968966948366804
0.2751131783483813,1.2388661437921602,0.046727190073063356
0.2980392765440797,1.2388661437921602,0.05253287685945527
0.32096537473977815,1.2388661437921602,0.058335648755648416
0.34389147293547656,1.2388661437921602,0.06408946179639953
0.366817571131175,1.2388661437921602,0.06975245026677682
0.3897436693268735,1.2388661437921602,0.07528677149741192
0.4126697675225719,1.2388661437921602,0.08065845134294206
0.43559586571827036,1.2388661437921602,0.08583722998915994
0.45852196391396877,1.2388661437921602,0.09079640782387095
0.48144806210966723,1.2388661437921602,0.09551269119110654
0.5043741603053656,1.2388661437921602,0.0999660379277944
0.5273002585010641,1.2388661437921602,0.1041395026559237
0.5502263566967626,1.2388661437921602,0.10801908187138252
0.573152454892461,1.2388661437921602,0.11159355893275787
0.5960785530881594,1.2388661437921602,0.11485434910929215
0.6190046512838578,1.2388661437921602,0.11779534489675243
0.6419307494795563,1.2388661437921602,0.12041276185311839
0.6648568476752548,1.2388661437921602,0.12270498524270242
0.6877829458709531,1.2388661437921602,0.12467241780761658
0.7107090440666516,1.2388661437921602,0.126317329009477
0.73363514226235,1.2388661437921602,0.127643706102022
0.7565612404580485,1.2388661437921602,0.12865710740709851
0.779487338653747,1.2388661437921602,0.12936451817247444
0.8024134368494453,1.2388661437921602,0.1297742093904292
0.8253395350451438,1.2388661437921602,0.1298955999513793
0.8482656332408423,1.2388661437921602,0.12973912249725042
0.8711917314365407,1.2388661437921602,0.12931609332529115
0.8941178296322391,1.2388661437921602,0.12863858667493705
0.9170439278279375,1.2388661437921602,0.1277193137086006
0.939970026023636,1.2388661437921602,0.12657150647231702
0.9628961242193345,1.2388661437921602,0.1252088070944701
0.9858222224150329,1.2388661437921602,0.12364516245080302
1.0087483206107313,1.2388661437921602,0.12189472449204952
1.0316744188064297,1.2388661437921602,0.11997175639723384
1.0546005170021282,1.2388661437921602,0.11789054468144301
1.0775266151978267,1.2388661437921602,0.11566531735207822
1.1004527133935251,1.2388661437921602,0.11331016817266802
1.1233788115892236,1.2388661437921602,0.11083898705865372
1.146304909784922,1.2388661437921602,0.10826539659550177
1.1692310079806203,1.2388661437921602,0.10560269463640047
1.1921571061763188,1.2388661437921602,0.10286380290496085
1.2150832043720172,1.2388661437921602,0.1000612214980444
1.2380093025677157,1.2388661437921602,0.09720698915532767
1.2609354007634141,1.2388661437921602,0.09431264913569483
1.2838614989591126,1.2388661437921602,0.09138922051620352
1.306787597154811,1.2388661437921602,0.08844717470733787
1.3297136953505095,1.2388661437921602,0.08549641695865774
1.352639793546208,1.2388661437921602,0.08254627261184838
1.3755658917419062,1.2388661437921602,0.07960547784361821
1.3984919899376047,1.2388661437921602,0.07668217462889848
1.4214180881333032,1.2388661437921602,0.07378390964535027
1.4443441863290016,1.2388661437921602,0.07091763683324627
1.4672702845247,1.2388661437921602,0.06808972332029567
1.4901963827203986,1.2388661437921602,0.06530595841883946
1.513122480916097,1.2388661437921602,0.06257156540294549
1.5360485791117955,1.2388661437921602,0.059891215775161495
1.558974677307494,1.2388661437921602,0.057269045736890886
1.5819007755031922,1.2388661437921602,0.054708674582399155
1.6048268736988907,1.2388661437921602,0.05221322474416585
1.6277529718945891,1.2388661437921602,0.04978534322651038
1.6506790700902876,1.2388661437921602,0.04742722417495662
1.673605168285986,1.2388661437921602,0.04514063234049229
1.6965312664816845,1.2388661437921602,0.04292692721054625
1.719457364677383,1.2388661437921602,0.0407870875919746
1.7423834628730814,1.2388661437921602,0.038721736445445507
1.76530956106878,1.2388661437921602,0.03673116578518013
1.7882356592644781,1.2388661437921602,0.03481536147287832
1.8111617574601766,1.2388661437921602,0.03297402774968977
0.026368757144238815,1.077121940504914,0.0006692980633628023
0.05273751428847763,1.077121940504914,0.0025756657365973413
0.07910627143271644,1.077121940504914,0.0055724424624382235
0.10547502857695526,1.077121940504914,0.009520381668844733
0.13184378572119407,1.077121940504914,0.014287545779201181
0.15821254286543288,1.077121940504914,0.019749209849644202
0.18458130000967168,1.077121940504914,0.02578777069191999
0.21095005715391052,1.077121940504914,0.03229265855575397
0.23731881429814933,1.077121940504914,0.039160248675477315
0.26368757144238814,1.077121940504914,0.0462937702296081
0.29005632858662694,1.077121940504914,0.053603210517009364
0.31642508573086575,1.077121940504914,0.06100521241673555
0.34279384287510456,1.077121940504914,0.06842296346817724
0.36916260001934337,1.077121940504914,0.07578607518096626
0.3955313571635822,1.077121940504914,0.0830304514575926
0.42190011430782104,1.077121940504914,0.09009814528308369
0.44826887145205985,1.077121940504914,0.09693720310270602
0.47463762859629866,1.077121940504914,0.1035014965678463
0.5010063857405375,1.077121940504914,0.10975054157950233
0.5273751428847763,1.077121940504914,0.1156493047958056
0.5537439000290151,1.077121940504914,0.12116799799253802
0.5801126571732539,1.077121940504914,0.12628186087173754
0.6064814143174927,1.077121940504914,0.13097093310150498
0.6328501714617315,1.077121940504914,0.13521981653858028
0.6592189286059703,1.077121940504914,0.13901742873298598
0.6855876857502091,1.077121940504914,0.14235674894017095
0.7119564428944479,1.077121940504914,0.14523455797005472
0.7383252000386867,1.077121940504914,0.14765117328390043
0.7646939571829255,1.077121940504914,0.1496101808090558
0.7910627143271644,1.077121940504914,0.15111816497861133
0.8174314714714033,1.077121940504914,0.15218443851850955
0.8438002286156421,1.077121940504914,0.15282077349944953
0.8701689857598809,1.077121940504914,0.15304113514613313
0.8965377429041197,1.077121940504914,0.1528614198532855
0.9229065000483585,1.077121940504914,0.1522991987979245
0.9492752571925973,1.077121940504914,0.15137346846217067
0.9756440143368361,1.077121940504914,0.15010440929224364
1.002012771481075,1.077121940504914,0.1485131536190198
1.0283815286253137,1.077121940504914,0.1466215638555452
1.0547502857695525,1.077121940504914,0.1444520218691467
1.0811190429137914,1.077121940504914,0.14202723030221204
1.1074878000580302,1.077121940504914,0.1393700264882303
1.133856557202269,1.077121940504914,0.13650320948017255
1.1602253143465078,1.077121940504914,0.13344938057853134
1.1865940714907466,1.077121940504914,0.130230797618024
1.2129628286349854,1.077121940504914,0.12686924314666861
1.2393315857792242,1.077121940504914,0.12338590651009931
1.265700342923463,1.077121940504914,0.11980127973889501
1.2920691000677018,1.077121940504914,0.1161350670284758
1.3184378572119406,1.077121940504914,0.11240610750074914
1.3448066143561794,1.077121940504914,0.10863231084495442
1.3711753715004182,1.077121940504914,0.10483060535268768
1.397544128644657,1.077121940504914,0.10101689778935077
1.4239128857888959,1.077121940504914,0.09720604448154713
1.4502816429331347,1.077121940504914,0.09341183294738427
1.4766504000773735,1.077121940504914,0.08964697335422338
1.5030191572216123,1.077121940504914,0.08592309905599382
1.529387914365851,1.077121940504914,0.08225077543948188
1.55575667151009,1.077121940504914,0.07863951629562857
1.5821254286543287,1.077121940504914,0.07509780692733473
1.6084941857985677,1.077121940504914,0.07163313320900415
1.6348629429428065,1.077121940504914,0.06825201582441942
1.6612317000870453,1.077121940504914,0.06496004892783287
1.6876004572312842,1.077121940504914,0.061761942497647195
1.713969214375523,1.077121940504914,0.058661567681976653
1.7403379715197618,1.077121940504914,0.0556620044699618
1.7667067286640006,1.077121940504914,0.05276559106117077
1.7930754858082394,1.077121940504914,0.04997397434700387
1.8194442429524782,1.077121940504914,0.04728816096197835
1.845813000096717,1.077121940504914,0.044708568408398174
1.8721817572409558,1.077121940504914,0.042235075804534505
1.8985505143851946,1.077121940504914,0.03986707385343193
1.9249192715294334,1.077121940504914,0.03760351367623242
1.9512880286736722,1.077121940504914,0.03544295419995167
1.977656785817911,1.077121940504914,0.03338360783448625
2.00402554296215,1.077121940504914,0.031423384216863075
2.0303943001063884,1.077121940504914,0.02955993184202045
2.0567630572506275,1.077121940504914,0.027790677438437914
2.083131814394866,1.077121940504914,0.02611286298348168
0.015187060734029546,1.87016878126156,0.00022206973066894544
0.030374121468059092,1.87016878126156,0.0008551991466207185
0.045561182202088636,1.87016878126156,0.001852430736681132
0.060748242936118184,1.87016878126156,0.0031701824161754527
0.07593530367014772,1.87016878126156,0.004768040933748065
0.09112236440417727,1.87016878126156,0.0066085678256173385
0.10630942513820682,1.87016878126156,0.00865711713607089
0.12149648587223637,1.87016878126156,0.01088166417013141
0.13668354660626592,1.87016878126156,0.01325264458877574
0.15187060734029545,1.87016878126156,0.015742803199020012
0.167057668074325,1.87016878126156,0.01832705183073241
0.18224472880835454,1.87016878126156,0.020982335729335107
0.19743178954238408,1.87016878126156,0.023687507928733337
0.21261885027641364,1.87016878126156,0.026423211101979493
0.22780591101044317,1.87016878126156,0.029171766418454252
0.24299297174447274,1.87016878126156,0.03191706896582948
0.25818003247850224,1.87016878126156,0.03464448932286597
0.27336709321253183,1.87016878126156,0.03734078089528636
0.28855415394656136,1.87016878126156,0.0399939926516357
0.3037412146805909,1.87016878126156,0.04259338691928158
0.31892827541462043,1.87016878126156,0.04512936192258873
0.33411533614865,1.87016878126156,0.04759337876590364
0.34930239688267956,1.87016878126156,0.04997789258336959
0.3644894576167091,1.87016878126156,0.052276287595828544
0.3796765183507386,1.87016878126156,0.05448281583221197
0.39486357908476816,1.87016878126156,0.05659253928893883
0.41005063981879775,1.87016878126156,0.058601275315976045
0.4252377005528273,1.87016878126156,0.060505545032431274
0.4404247612868568,1.87016878126156,0.062302524587883136
0.45561182202088635,1.87016878126156,0.06398999909816154
0.4707988827549159,1.87016878126156,0.06556631909601016
0.48598594348894547,1.87016878126156,0.06703035934803782
0.501173004222975,1.87016878126156,0.0683814798996369
0.5163600649570045,1.87016878126156,0.06961948921914549
0.5315471256910341,1.87016878126156,0.07074460932150191
0.5467341864250637,1.87016878126156,0.07175744276000932
0.5619212471590932,1.87016878126156,0.07265894138263249
0.5771083078931227,1.87016878126156,0.07345037675651764
0.5922953686271523,1.87016878126156,0.07413331217118856
0.6074824293611818,1.87016878126156,0.07470957613715627
0.6226694900952113,1.87016878126156,0.0751812373025117
0.6378565508292409,1.87016878126156,0.07555058071547692
0.6530436115632704,1.87016878126156,0.07582008536589543
0.6682306722973,1.87016878126156,0.07599240294326753
0.6834177330313296,1.87016878126156,0.07607033775320661
0.6986047937653591,1.87016878126156,0.0760568277381277
0.7137918544993886,1.87016878126156,0.07595492655159929
0.7289789152334182,1.87016878126156,0.07576778663911608
0.7441659759674477,1.87016878126156,0.07549864328109993
0.7593530367014772,1.87016878126156,0.07515079955672638
0.7745400974355068,1.87016878126156,0.07472761218972658
0.7897271581695363,1.87016878126156,0.0742324782396382
0.8049142189035658,1.87016878126156,0.07366882260409746
0.8201012796375955,1.87016878126156,0.07304008629968531
0.835288340371625,1.87016878126156,0.07234971549058634
0.8504754011056546,1.87016878126156,0.07160115123589435
0.8656624618396841,1.87016878126156,0.07079781992782398
0.8808495225737136,1.87016878126156,0.06994312439437243
0.8960365833077432,1.87016878126156,0.06904043564112916
0.9112236440417727,1.87016878126156,0.06809308520797175
0.9264107047758022,1.87016878126156,0.06710435811731602
0.9415977655098318,1.87016878126156,0.0660774863914248
0.9567848262438613,1.87016878126156,0.06501564311702701
0.9719718869778909,1.87016878126156,0.06392193703616973
0.9871589477119205,1.87016878126156,0.06279940764282667
1.00234600844595,1.87016878126156,0.0616510207653256
1.0175330691799795,1.87016878126156,0.06047966461514371
1.032720129914009,1.87016878126156,0.05928814628305864
1.0479071906480386,1.87016878126156,0.058079188664040805
1.0630942513820683,1.87016878126156,0.056855427792638615
1.0782813121160977,1.87016878126156,0.055619410570942364
1.0934683728501273,1.87016878126156,0.05437359287152623
1.1086554335841567,1.87016878126156,0.05312033799806157
1.1238424943181864,1.87016878126156,0.05186191548657351
1.1390295550522158,1.87016878126156,0.05060050023058369
1.1542166157862455,1.87016878126156,0.049338171913642724
1.1694036765202749,1.87016878126156,0.04807691473301677
1.1845907372543045,1.87016878126156,0.046818617398549485
1.1997777979883342,1.87016878126156,0.04556507339098212
0.021477747262648474,1.3224090271934301,0.00044408785877540676
0.04295549452529695,1.3224090271934301,0.0017095976605705592
0.06443324178794542,1.3224090271934301,0.003700932277441113
0.0859109890505939,1.3224090271934301,0.006328330420315209
0.10738873631324236,1.3224090271934301,0.009507618272562864
0.12886648357589084,1.3224090271934301,0.013159975173542704
0.15034423083853932,1.3224090271934301,0.017211712009283665
0.1718219781011878,1.3224090271934301,0.021594061057576927
0.19329972536383627,1.3224090271934301,0.02624297612317237
0.21477747262648472,1.3224090271934301,0.031098941885425165
0.2362552198891332,1.3224090271934301,0.036106791465530086
0.2577329671517817,1.3224090271934301,0.041215531303300044
0.27921071441443013,1.3224090271934301,0.046378172514164026
0.30068846167707863,1.3224090271934301,0.05155156797553424
0.3221662089397271,1.3224090271934301,0.05669625446777252
0.3436439562023756,1.3224090271934301,0.061776299268515536
0.36512170346502404,1.3224090271934301,0.06675915066993465
0.38659945072767254,1.3224090271934301,0.07161549195645438
0.408077197990321,1.3224090271934301,0.07631909844537502
0.42955494525296944,1.3224090271934301,0.0808466972545951
0.45103269251561795,1.3224090271934301,0.08517782952006746
0.4725104397782664,1.3224090271934301,0.08929471484062562
0.4939881870409149,1.3224090271934301,0.09318211777927253
0.5154659343035634,1.3224090271934301,0.09682721629783538
0.5369436815662119,1.3224090271934301,0.10021947204598823
0.5584214288288603,1.3224090271934301,0.10335050246596256
0.5798991760915088,1.3224090271934301,0.10621395471078068
0.6013769233541573,1.3224090271934301,0.10880538140653473
0.6228546706168058,1.3224090271934301,0.11112211831811056
0.6443324178794542,1.3224090271934301,0.11316316400284922
0.6658101651421027,1.3224090271934301,0.11492906155800278
0.6872879124047512,1.3224090271934301,0.11642178258555418
0.7087656596673996,1.3224090271934301,0.11764461351212696
0.7302434069300481,1.3224090271934301,0.11860204441242829
0.7517211541926966,1.3224090271934301,0.11929966049208933
0.7731989014553451,1.3224090271934301,0.11974403639003611
0.7946766487179935,1.3224090271934301,0.11994263346182514
0.816154395980642,1.3224090271934301,0.11990370020388677
0.8376321432432905,1.3224090271934301,0.11963617597454079
0.8591098905059389,1.3224090271934301,0.11914959816119287
0.8805876377685874,1.3224090271934301,0.11845401293450121
0.9020653850312359,1.3224090271934301,0.11755988971975333
0.9235431322938844,1.3224090271934301,0.11647803950343542
0.9450208795565328,1.3224090271934301,0.11521953707925069
0.9664986268191813,1.3224090271934301,0.11379564732287721
0.9879763740818298,1.3224090271934301,0.1122177555687842
1.0094541213444783,1.3224090271934301,0.11049730214567391
1.0309318686071267,1.3224090271934301,0.10864572110980862
1.052409615869775,1.3224090271934301,0.10667438319783455
1.0738873631324237,1.3224090271934301,0.10459454300292677
1.0953651103950721,1.3224090271934301,0.10241729036035921
1.1168428576577205,1.3224090271934301,0.10015350591112165
1.1383206049203691,1.3224090271934301,0.09781382079514345
1.1597983521830175,1.3224090271934301,0.09540858040919499
1.1812760994456661,1.3224090271934301,0.09294781214876291
1.2027538467083145,1.3224090271934301,0.09044119703826915
1.224231593970963,1.3224090271934301,0.08789804514002815
1.2457093412336115,1.3224090271934301,0.08532727461942057
1.26718708849626,1.3224090271934301,0.0827373943319721
1.2886648357589083,1.3224090271934301,0.08013648978743837
1.310142583021557,1.3224090271934301,0.07753221233665443
1.3316203302842053,1.3224090271934301,0.07493177141884261
1.3530980775468537,1.3224090271934301,0.07234192970031057
1.3745758248095024,1.3224090271934301,0.06976900093001072
1.3960535720721508,1.3224090271934301,0.0672188503332693
1.4175313193347991,1.3224090271934301,0.06469689736210406
1.4390090665974478,1.3224090271934301,0.06220812061890647
1.4604868138600962,1.3224090271934301,0.05975706476982077
1.4819645611227446,1.3224090271934301,0.05734784926485859
1.5034423083853932,1.3224090271934301,0.054984178683586224
1.5249200556480416,1.3224090271934301,0.05266935452804099
1.5463978029106902,1.3224090271934301,0.05040628828830469
1.5678755501733386,1.3224090271934301,0.048197515610806686
1.589353297435987,1.3224090271934301,0.04604521140486334
1.6108310446986356,1.3224090271934301,0.043951205729105824
1.632308791961284,1.3224090271934301,0.04191700030621233
1.6537865392239324,1.3224090271934301,0.039943785521662126
1.675264286486581,1.3224090271934301,0.03803245776998016
1.6967420337492294,1.3224090271934301,0.036183637020056475
0.024702917031053227,1.1497576107389116,0.0005874289414712739
0.049405834062106455,1.1497576107389116,0.0022609015355263573
0.07410875109315967,1.1497576107389116,0.004892520570607094
0.09881166812421291,1.1497576107389116,0.008361335011799722
0.12351458515526613,1.1497576107389116,0.01255316015158262
0.14821750218631935,1.1497576107389116,0.017360408910574946
0.17292041921737258,1.1497576107389116,0.022681932046887555
0.19762333624842582,1.1497576107389116,0.028422865188473256
0.22232625327947902,1.1497576107389116,0.03449448076416051
0.24702917031053226,1.1497576107389116,0.04081404307490239
0.2717320873415855,1.1497576107389116,0.047304664916147786
0.2964350043726387,1.1497576107389116,0.053895164334026385
0.32113792140369196,1.1497576107389116,0.0605199202710506
0.34584083843474517,1.1497576107389116,0.06711872603004376
0.3705437554657984,1.1497576107389116,0.0736366396567519
0.39524667249685164,1.1497576107389116,0.08002383051081631
0.41994958952790484,1.1497576107389116,0.08623542146022824
0.44465250655895805,1.1497576107389116,0.09223132629483136
0.4693554235900113,1.1497576107389116,0.09797608210870656
0.4940583406210645,1.1497576107389116,0.10343867654826386
0.5187612576521178,1.1497576107389116,0.10859236996154352
0.543464174683171,1.1497576107389116,0.11341451261366386
0.5681670917142242,1.1497576107389116,0.11788635725271647
0.5928700087452774,1.1497576107389116,0.1219928674189913
0.6175729257763306,1.1497576107389116,0.12572252198762712
0.6422758428073839,1.1497576107389116,0.12906711652017117
0.6669787598384371,1.1497576107389116,0.13202156207377638
0.6916816768694903,1.1497576107389116,0.13458368217767996
0.7163845939005435,1.1497576107389116,0.1367540087351429
0.7410875109315967,1.1497576107389116,0.13853557764528004
0.76579042796265,1.1497576107389116,0.13993372496337989
0.7904933449937033,1.1497576107389116,0.14095588443075127
0.8151962620247565,1.1497576107389116,0.14161138720629307
0.8398991790558097,1.1497576107389116,0.14191126462242562
0.8646020960868629,1.1497576107389116,0.14186805476841022
0.8893050131179161,1.1497576107389116,0.14149561367516222
0.9140079301489693,1.1497576107389116,0.14080893183824897
0.9387108471800226,1.1497576107389116,0.1398239567707393
0.9634137642110758,1.1497576107389116,0.13855742222585746
0.988116681242129,1.1497576107389116,0.13702668467195486
1.0128195982731822,1.1497576107389116,0.13524956754011866
1.0375225153042356,1.1497576107389116,0.13324421369878464
1.0622254323352887,1.1497576107389116,0.13102894654097666
1.086928349366342,1.1497576107389116,0.1286221399992314
1.111631266397395,1.1497576107389116,0.12604209773180677
1.1363341834284484,1.1497576107389116,0.12330694165231346
1.1610371004595017,1.1497576107389116,0.12043450990428595
1.1857400174905548,1.1497576107389116,0.11744226431321853
1.2104429345216081,1.1497576107389116,0.1143472072819397
1.2351458515526612,1.1497576107389116,0.11116580803154702
1.2598487685837145,1.1497576107389116,0.10791393803004179
1.2845516856147678,1.1497576107389116,0.10460681539479033
1.309254602645821,1.1497576107389116,0.10125895800341145
1.3339575196768743,1.1497576107389116,0.09788414500098827
1.3586604367079274,1.1497576107389116,0.09449538634988225
1.3833633537389807,1.1497576107389116,0.09110490003206567
1.4080662707700338,1.1497576107389116,0.08772409648289678
1.432769187801087,1.1497576107389116,0.08436356980965784
1.4574721048321404,1.1497576107389116,0.08103309532793927
1.4821750218631935,1.1497576107389116,0.07774163293396623
1.5068779388942468,1.1497576107389116,0.07449733582108571
1.5315808559253,1.1497576107389116,0.0713075640436412
1.5562837729563532,1.1497576107389116,0.06817890243111092
1.5809866899874065,1.1497576107389116,0.06511718235938058
1.6056896070184596,1.1497576107389116,0.06212750689403408
1.630392524049513,1.1497576107389116,0.05921427883222914
1.655095441080566,1.1497576107389116,0.056381231184707
1.6797983581116194,1.1497576107389116,0.05363145965738335
1.7045012751426725,1.1497576107389116,0.05096745671239398
1.7292041921737258,1.1497576107389116,0.0483911468110283
1.753907109204779,1.1497576107389116,0.04590392246529491
1.7786100262358322,1.1497576107389116,0.04350668075054222
1.8033129432668855,1.1497576107389116,0.04119985995824261
1.8280158602979386,1.1497576107389116,0.038983476095388506
1.852718777328992,1.1497576107389116,0.03685715896461628
1.8774216943600452,1.1497576107389116,0.03482018758686187
1.9021246113910983,1.1497576107389116,0.032871524755777384
1.9268275284221517,1.1497576107389116,0.031009850540047606
1.9515304454532048,1.1497576107389116,0.02923359457590809
0.014302177051830822,1.9858771682783452,0.00019694815450582663
0.028604354103661644,1.9858771682783452,0.0007584851921362482
0.04290653115549247,1.9858771682783452,0.0016430507056858319
0.05720870820732329,1.9858771682783452,0.0028121240437699708
0.07151088525915411,1.9858771682783452,0.004230033138852292
0.08581306231098494,1.9858771682783452,0.00586377510006616
0.10011523936281576,1.9858771682783452,0.007682847843143003
0.11441741641464657,1.9858771682783452,0.009659092073558556
0.1287195934664774,1.9858771682783452,0.011766542980278035
0.14302177051830822,1.9858771682783452,0.01398129103636721
0.15732394757013904,1.9858771682783452,0.016281351339374462
0.17162612462196988,1.9858771682783452,0.018646540958906898
0.1859283016738007,1.9858771682783452,0.02105836379134242
0.20023047872563152,1.9858771682783452,0.02349990245225253
0.21453265577746233,1.9858771682783452,0.02595571676596475
0.22883483282929315,1.9858771682783452,0.028411748438869
0.243137009881124,1.9858771682783452,0.03085523152866491
0.2574391869329548,1.9858771682783452,0.03327460834584451
0.27174136398478566,1.9858771682783452,0.03565945044639333
0.28604354103661644,1.9858771682783452,0.03800038439604922
0.3003457180884473,1.9858771682783452,0.04028902200655949
0.3146478951402781,1.9858771682783452,0.04251789476329162
0.3289500721921089,1.9858771682783452,0.04468039218134778
0.34325224924393977,1.9858771682783452,0.0467707038440715
0.35755442629577056,1.9858771682783452,0.04878376489357465
0.3718566033476014,1.9858771682783452,0.05071520475770984
0.3861587803994322,1.9858771682783452,0.052561298911819744
0.40046095745126303,1.9858771682783452,0.054318923486661494
0.4147631345030939,1.9858771682783452,0.055985512546175155
0.42906531155492467,1.9858771682783452,0.05755901787028746
0.4433674886067555,1.9858771682783452,0.05903787108875512
0.4576696656585863,1.9858771682783452,0.060420948022195664
0.47197184271041714,1.9858771682783452,0.06170753509596629
0.486274019762248,1.9858771682783452,0.06289729770146613
0.5005761968140788,1.9858771682783452,0.06399025038778894
0.5148783738659096,1.9858771682783452,0.0649867287744731
0.5291805509177404,1.9858771682783452,0.06588736308341243
0.5434827279695713,1.9858771682783452,0.06669305319483454
0.5577849050214021,1.9858771682783452,0.06740494513864946
0.5720870820732329,1.9858771682783452,0.0680244089384439
0.5863892591250637,1.9858771682783452,0.06855301773097235
0.6006914361768946,1.9858771682783452,0.06899252808919629
0.6149936132287254,1.9858771682783452,0.0693448614817688
0.6292957902805562,1.9858771682783452,0.06961208680637511
0.643597967332387,1.9858771682783452,0.0697964039385387
0.6579001443842178,1.9858771682783452,0.06990012824140719
0.6722023214360486,1.9858771682783452,0.06992567598565805
0.6865044984878795,1.9858771682783452,0.06987555063203024
0.7008066755397103,1.9858771682783452,0.06975232993210745
0.7151088525915411,1.9858771682783452,0.06955865380587031
0.729411029643372,1.9858771682783452,0.06929721295720806
0.7437132066952028,1.9858771682783452,0.06897073819105418
0.7580153837470336,1.9858771682783452,0.06858199039809355
0.7723175607988644,1.9858771682783452,0.06813375117509564
0.7866197378506953,1.9858771682783452,0.06762881405087037
0.8009219149025261,1.9858771682783452,0.06706997628963118
0.8152240919543569,1.9858771682783452,0.06646003124519465
0.8295262690061878,1.9858771682783452,0.06580176124095746
0.8438284460580185,1.9858771682783452,0.0650979309519792
0.8581306231098493,1.9858771682783452,0.06435128126677303
0.8724328001616802,1.9858771682783452,0.06356452360757221
0.886734977213511,1.9858771682783452,0.06274033468891094
0.9010371542653418,1.9858771682783452,0.061881351695335235
0.9153393313171726,1.9858771682783452,0.06099016785995616
0.9296415083690035,1.9858771682783452,0.060069328426377216
0.9439436854208343,1.9858771682783452,0.05912132697727723
0.9582458624726651,1.9858771682783452,0.05814860211361669
0.972548039524496,1.9858771682783452,0.05715353446906418
0.9868502165763268,1.9858771682783452,0.05613844404481566
1.0011523936281577,1.9858771682783452,0.05510558785050822
1.0154545706799885,1.9858771682783452,0.05405715783741628
1.0297567477318192,1.9858771682783452,0.05299527911056692
1.04405892478365,1.9858771682783452,0.051922008406824455
1.0583611018354808,1.9858771682783452,0.050839332826379834
1.0726632788873116,1.9858771682783452,0.049749168805436866
1.0869654559391426,1.9858771682783452,0.048653361318222746
1.1012676329909734,1.9858771682783452,0.047553683296764244
1.1155698100428042,1.9858771682783452,0.04645183525716783
1.129871987094635,1.9858771682783452,0.0453494451214249
0.0202263327581604,1.4042272122931565,0.00039385572113508906
0.0404526655163208,1.4042272122931565,0.0015163405987028548
0.06067899827448119,1.4042272122931565,0.0032830102573284826
0.0809053310326416,1.4042272122931565,0.005614778677878095
0.10113166379080199,1.4042272122931565,0.00843766397823129
0.12135799654896239,1.4042272122931565,0.011682548645424675
0.14158432930712278,1.4042272122931565,0.015284953053447287
0.1618106620652832,1.4042272122931565,0.019184821177034857
0.18203699482344357,1.4042272122931565,0.023326317485356293
0.20226332758160398,1.4042272122931565,0.027657634070563864
0.22248966033976436,1.4042272122931565,0.03213080713482439
0.24271599309792477,1.4042272122931565,0.03670154202568372
0.2629423258560852,1.4042272122931565,0.04132904607345147
0.28316865861424556,1.4042272122931565,0.0459758685457268
0.30339499137240594,1.4042272122931565,0.050607747093211176
0.3236213241305664,1.4042272122931565,0.05519346011755538
0.34384765688872676,1.4042272122931565,0.05970468454614783
0.36407398964688714,1.4042272122931565,0.06411585855044567
0.3843003224050475,1.4042272122931565,0.06840404879365762
0.40452665516320796,1.4042272122931565,0.07254882184028404
0.42475298792136834,1.4042272122931565,0.0765321194041862
0.4449793206795287,1.4042272122931565,0.08033813715347068
0.4652056534376891,1.4042272122931565,0.0839532068295289
0.48543198619584954,1.4042272122931565,0.08736568147405088
0.5056583189540099,1.4042272122931565,0.09056582359173942
0.5258846517121704,1.4042272122931565,0.09354569610778811
0.5461109844703307,1.4042272122931565,0.09629905600796626
0.5663373172284911,1.4042272122931565,0.09882125057540105
0.5865636499866516,1.4042272122931565,0.10110911616188514
0.6067899827448119,1.4042272122931565,0.10316087945281203
0.6270163155029723,1.4042272122931565,0.10497606120369601
0.6472426482611328,1.4042272122931565,0.10655538244272339
0.6674689810192931,1.4042272122931565,0.10790067314798167
0.6876953137774535,1.4042272122931565,0.10901478341998522
0.7079216465356138,1.4042272122931565,0.10990149717995525
0.7281479792937743,1.4042272122931565,0.11056544843210238
0.7483743120519347,1.4042272122931565,0.111012040134001
0.768600644810095,1.4042272122931565,0.11124736572314549
0.7888269775682555,1.4042272122931565,0.1112781333500434
0.8090533103264159,1.4042272122931565,0.11111159286885416
0.8292796430845762,1.4042272122931565,0.11075546563573667
0.8495059758427367,1.4042272122931565,0.11021787716285647
0.8697323086008971,1.4042272122931565,0.10950729267254652
0.8899586413590574,1.4042272122931565,0.10863245559154244
0.9101849741172179,1.4042272122931565,0.10760232901965727
0.9304113068753782,1.4042272122931565,0.10642604020084714
0.9506376396335386,1.4042272122931565,0.10511282801747975
0.9708639723916991,1.4042272122931565,0.10367199352087475
0.9910903051498594,1.4042272122931565,0.10211285350296771
1.0113166379080198,1.4042272122931565,0.1004446971053723
1.0315429706661803,1.4042272122931565,0.098676745453298
1.0517693034243407,1.4042272122931565,0.09681811429283359
1.071995636182501,1.4042272122931565,0.09487777960113185
1.0922219689406614,1.4042272122931565,0.09286454613013355
1.1124483016988218,1.4042272122931565,0.09078701883573442
1.1326746344569822,1.4042272122931565,0.08865357713581837
1.1529009672151427,1.4042272122931565,0.08647235193242844
1.1731272999733031,1.4042272122931565,0.08425120532559568
1.1933536327314633,1.4042272122931565,0.0819977129390568
1.2135799654896238,1.4042272122931565,0.07971914877131918
1.2338062982477842,1.4042272122931565,0.07742247247932436
1.2540326310059446,1.4042272122931565,0.0751143189963522
1.274258963764105,1.4042272122931565,0.07280099038083641
1.2944852965222655,1.4042272122931565,0.0704884497884425
1.3147116292804257,1.4042272122931565,0.06818231745611256
1.3349379620385862,1.4042272122931565,0.0658878685838149
1.3551642947967466,1.4042272122931565,0.06361003299745133
1.375390627554907,1.4042272122931565,0.061353396474765086
1.3956169603130675,1.4042272122931565,0.05912220361515149
1.4158432930712277,1.4042272122931565,0.0569203621339796
1.4360696258293881,1.4042272122931565,0.05475144846236856
1.4562959585875486,1.4042272122931565,0.05261871453430182
1.476522291345709,1.4042272122931565,0.050525095644470296
1.4967486241038694,1.4042272122931565,0.04847321926228773
1.5169749568620299,1.4042272122931565,0.04646541469007158
1.53720128962019,1.4042272122931565,0.0445037234563987
1.5574276223783505,1.4042272122931565,0.04258991033908276
1.577653955136511,1.4042272122931565,0.040725474916038985
1.5978802878946714,1.4042272122931565,0.03891166354645512
0.023263585973759954,1.220893756273931,0.0005209874770485825
0.04652717194751991,1.220893756273931,0.0020053923135087935
0.06979075792127987,1.220893756273931,0.004340376431317872
0.09305434389503982,1.220893756273931,0.007419579547723104
0.11631792986879978,1.220893756273931,0.011142897859566287
0.13958151584255973,1.220893756273931,0.015416275505895376
0.1628451018163197,1.220893756273931,0.02015150707208382
0.18610868779007964,1.220893756273931,0.025266049518586745
0.2093722737638396,1.220893756273931,0.03068284203841613
0.23263585973759957,1.220893756273931,0.036330132468963335
0.25589944571135953,1.220893756273931,0.04214130900547492
0.27916303168511947,1.220893756273931,0.04805473608479322
0.3024266176588794,1.220893756273931,0.05401359342836765
0.3256902036326394,1.220893756273931,0.059965717352465725
0.34895378960639933,1.220893756273931,0.06586344357038604
0.37221737558015927,1.220893756273931,0.07166345082571864
0.39548096155391926,1.220893756273931,0.07732660480672743
0.4187445475276792,1.220893756273931,0.08281780189918356
0.44200813350143914,1.220893756273931,0.0881058124379043
0.46527171947519913,1.220893756273931,0.09316312321533482
0.48853530544895907,1.220893756273931,0.09796577909826552
0.5117988914227191,1.220893756273931,0.10249322369076327
0.5350624773964789,1.220893756273931,0.10672813906221923
0.5583260633702389,1.220893756273931,0.11065628463373879
0.5815896493439989,1.220893756273931,0.11426633538363601
0.6048532353177588,1.220893756273931,0.11754971959332626
0.6281168212915188,1.220893756273931,0.12050045640827478
0.6513804072652788,1.220893756273931,0.12311499353476077
0.6746439932390387,1.220893756273931,0.12539204543202784
0.6979075792127987,1.220893756273931,0.12733243239094524
0.7211711651865587,1.220893756273931,0.12893892091469525
0.7444347511603185,1.220893756273931,0.13021606583439577
0.7676983371340785,1.220893756273931,0.13117005460317083
0.7909619231078385,1.220893756273931,0.131808554216276
0.8142255090815984,1.220893756273931,0.1321405612027863
0.8374890950553584,1.220893756273931,0.1321762551264315
0.8607526810291184,1.220893756273931,0.13192685601982718
0.8840162670028783,1.220893756273931,0.13140448615803754
0.9072798529766383,1.220893756273931,0.1306220365545995
0.9305434389503983,1.220893756273931,0.1295930385363212
0.9538070249241581,1.220893756273931,0.1283315407228625
0.9770706108979181,1.220893756273931,0.12685199170383116
1.0003341968716781,1.220893756273931,0.1251691286704088
1.0235977828454381,1.220893756273931,0.12329787222088986
1.046861368819198,1.220893756273931,0.12125322752048492
1.0701249547929579,1.220893756273931,0.11905019195582091
1.0933885407667179,1.220893756273931,0.11670366938424673
1.1166521267404779,1.220893756273931,0.11422839103779785
1.1399157127142379,1.220893756273931,0.11163884310192031
1.1631792986879979,1.220893756273931,0.10894920095021929
1.1864428846617576,1.220893756273931,0.10617326997895765
1.2097064706355176,1.220893756273931,0.10332443294912105
1.2329700566092776,1.220893756273931,0.1004156037099029
1.2562336425830376,1.220893756273931,0.09745918714570143
1.2794972285567976,1.220893756273931,0.0944670451593912
1.3027608145305576,1.220893756273931,0.09145046847792146
1.3260244005043174,1.220893756273931,0.08842015404234223
1.3492879864780774,1.220893756273931,0.0853861877232772
1.3725515724518373,1.220893756273931,0.0823580320847197
1.3958151584255973,1.220893756273931,0.07934451890384614
1.4190787443993573,1.220893756273931,0.07635384614233073
1.4423423303731173,1.220893756273931,0.07339357905535705
1.465605916346877,1.220893756273931,0.07047065511809546
1.488869502320637,1.220893756273931,0.0675913924457597
1.512133088294397,1.220893756273931,0.0647615013823435
1.535396674268157,1.220893756273931,0.06198609893463985
1.558660260241917,1.220893756273931,0.05926972573199371
1.581923846215677,1.220893756273931,0.056616365198266766
1.6051874321894368,1.220893756273931,0.054029464630508554
1.6284510181631968,1.220893756273931,0.05151195788864088
1.6517146041369568,1.220893756273931,0.049066289411867664
1.6749781901107168,1.220893756273931,0.04669443929031503
1.6982417760844768,1.220893756273931,0.044397949134381574
1.7215053620582368,1.220893756273931,0.04217794849923149
1.7447689480319966,1.220893756273931,0.04003518163759143
1.7680325340057566,1.220893756273931,0.03797003437032306
1.7912961199795165,1.220893756273931,0.03598256088094953
1.8145597059532765,1.220893756273931,0.034072510257236545
1.8378232919270365,1.220893756273931,0.0322393526199033
